ID;Text;Category;Date
1;حلمت إني راكب باص طالع من حلب وعم شوف المدينة عم تبعد، والله قلبي وجعني، حدا يفسرلي.;هجرة;2014-09-17
2;يا جماعة شفت حالي بالمطار وعم ضب الشناتي، بس كل مرة يقولولي الطيارة تأجلت، شو يعني؟;هجرة;2014-10-11
3;حلمت إنو الحدود مسكّرة، وأنا ورفقاتي واقفين نستنّى نطلع، بس ما فتحوا أبداً 😔.;هجرة;2013-12-30
4;أنا حلمت إني وصلت ع تركيا، بس كل ما حاول احكي مع حدا ما يفهمني! غريب الحلم!;هجرة;2012-01-17
5;شفت حالي بالمخيم، عم حضّر أوراق للسفر لأوروبا، وكل الناس عم تقلي الله يسهّلك، خير إن شاء الله.;هجرة;2016-07-17
6;حلمت إني عم أمشي على طريق طويل وموحش، وكل شوي بسمع صوت قصف بعيد.;هجرة;2015-08-25
7;شفت حالي عم حضّر الشنطة للسفر على تركيا، بس كل شي متل المرة السابقة تأجل.;هجرة;2014-12-08
8;حلمت إنو أنا وعيلتي عالحدود، كلنا خايفين وما في طريق نطلع منه.;هجرة;2017-07-11
9;حلمت بالبحر وأنا رايح ع أوروبا، الموج عالي بس كنت متفائل إني رح أوصل.;هجرة;2013-07-08
10;شفت مخيم لاجئين كبير، والكل مستني أوراقه، وأنا واقف أستنّى دوري.;هجرة;2012-04-17
11;شفت حالي بالمطار وعم حضّر أوراق السفر بس كل مرة يتأجل الرحلة;هجرة;2015-02-28
12;حلمت إني راكب باص وعم ودّع أهلي وعم شوف المدينة عم تصغَر;هجرة;2014-09-18
13;كنت بالمخيم وكل الناس مستنيين أوراقهم وقلبي عم يدق;هجرة;2016-05-03
14;حلمت إني عم أمشي على طريق طويل وأنا خايف ما أوصل عالحدود;هجرة;2014-08-17
15;شفت البحر وأنا مسافر عأوروبا والموج عالي بس كنت متفائل;هجرة;2014-12-25
16;وصلت بلاد بعيدة، بس صوت أهلي بضل يرن بقلبي.;هجرة;2013-02-25
17;سافرت ومعي أمل الرجعة ولم الشمل بأقرب وقت.;هجرة;2015-11-07
18;رحت عالحدود، وكل دمعة بعيوني إشي من الشوق.;هجرة;2015-01-28
19;شفت نجوم الغربة، وكل نجمة بتحكي لي عن دمعة خفية.;هجرة;2013-09-18
20;طلعت عالطائرة، والحنين بيزرع بذور الرجعة بقلبي.;هجرة;2017-11-05
21;وصلت بلاد بعيدة، بس قلبي دايمًا متعلق بأرض الغوالي.;هجرة;2017-12-14
22;رحلت، بس قلبي دايمًا مربوط بسوق الحارة.;هجرة;2016-08-23
23;وصلت بلاد جديدة، بس قلبي دايمًا بيتمنى العودة.;هجرة;2016-08-03
24;وصلت بلاد بعيدة، بس قلبي معلق بنجوم الوطن.;هجرة;2016-01-04
25;تركنا المدينة ونبقى عالحدود بين الفراق واللقاء.;هجرة;2016-06-26
26;رحلت، بس قلبي دايمًا بالحارة وبين أهلي.;هجرة;2014-05-23
27;وصلت بلاد غريبة، بس الحنين للوطن ما فارقني.;هجرة;2015-08-21
28;رحت عالباص، والناس حواليي مش فاهمين وجعي على الفراق.;هجرة;2014-04-30
29;رحلت بالغربة، بس قلبي مرفوع بأمل الرجعة.;هجرة;2015-03-08
30;رحلت وما نسيت صوت أمي وهمساتها الدافية.;هجرة;2017-12-17
31;كل ما بشوف البرج العالي، بتذكر شوارع الحارة اللي فيها عشت.;هجرة;2015-01-03
32;وصلت بلاد مختلفة، بس صوت الشام بقلبي ما غاب.;هجرة;2014-09-11
33;وقفت عالحدود وانكسرت أحلامي بين الجواز والهوية.;هجرة;2013-04-10
34;سافرت والوجع مابرح، بس أمل اللقا بيضل نجم بدربي.;هجرة;2017-04-06
35;طلعت عالطائرة، والحنين معي بكل رحلة.;هجرة;2014-01-28
36;طريقي للغربة كان مليان دموع، بس رجعة الوطن أمل ما بينتهي.;هجرة;2012-01-13
37;وصلت مطار غريب، والحنين للوطن صار أغلى من كل شي.;هجرة;2014-01-26
38;وقفت عند المطار والدمع ساكن عخدي، كل وداع موجع أكتر من السابق.;هجرة;2012-01-14
39;رحت عالحدود، والدمع سكّب لي حكاية الغربة.;هجرة;2014-08-17
40;طلعت عالطائرة، والدموع بتروي فصول الغربة والحنين.;هجرة;2015-02-20
41;سمعت صوت أمّي يناديني، بس الطريق مرّ والبعد ما بينتهي.;هجرة;2013-09-29
42;بعد ما ودعت أهلي، حسيت العالم كله صار فاضي وبارد.;هجرة;2013-07-15
43;كل رحلة سفر بتعلمني قديش الوطن غالي.;هجرة;2015-12-29
44;رحت على الحدود، وجهي مليان دموع، والقلب معلق بين الرحيل والرجوع.;هجرة;2012-07-16
45;عبراتني أصوات الناس بالغربة، بس كان صوت أمي أحلى من الكل.;هجرة;2013-04-16
46;رحلت، بس ذكريات الوطن محفورة بذاكرتي.;هجرة;2016-12-26
47;بسافر بلا تذكرة، كل حلمي يكون السلام عالبيت وألم الشوق يروح.;هجرة;2013-02-09
48;بسافر وحيد، والحنين بقلبي محمل كل الذكريات الحلوة.;هجرة;2016-10-09
49;رحت عالحدود، وكل دمعة بتروي قصة غياب وألم.;هجرة;2016-05-23
50;طلعت عالطائرة، وكل الحكايات عن الوطن بتدور براسي.;هجرة;2012-05-11
51;رحلت، بس الشوق للوطن بضل رفيقي بالليل والنهار.;هجرة;2012-12-15
52;سافرت مع قلب محمل بالشوق، والحنين صار زاد الحياة.;هجرة;2016-08-07
53;سافرت عالأرض الغريبة، بس قلبي معلق برائحة خبز المونة بالبيت.;هجرة;2015-03-25
54;كل لحظة غربة بتزيد حلم الرجعة ويقوى.;هجرة;2016-08-12
55;كل صوت غريب بيعيدني لضحكة أخوي ببيتنا القديم.;هجرة;2012-10-27
56;رحلت وما رجعت، بس أمل الرجعة دايمًا بخاطري.;هجرة;2013-02-22
57;وقفت عالحدود وأنطر جواز السفر يخلص، والدمع سين جديد بالغربة.;هجرة;2012-12-18
58;رحلت وما قدرت أنسى صوت أمي وهمستها بالليل.;هجرة;2015-01-21
59;وصلت بلاد بعيدة، بس روحي تبقى شامية وين ما رحت.;هجرة;2014-03-12
60;رحلت، بس ذكرى الأهل بتضل نجم بليلي المظلم.;هجرة;2015-09-28
61;وصلت بلاد الغربة، بس قلبي دايمًا ببيت أهلي.;هجرة;2015-08-09
62;وصلت بلاد الغربة، وما في شي بيعوضني عن لمّة العيلة.;هجرة;2017-10-16
63;رحت بلد جديد، وكل ما شفت وجوه جديدة افتكرت وجوه أهلي.;هجرة;2017-10-03
64;وصلت بلاد الغربة، وبالذاكرة صور العيد واللمة.;هجرة;2012-11-20
65;سافرت وبكل لحظة بشتاق لحارة الليل وأغاني الفجر.;هجرة;2012-12-25
66;طلعت عالطائرة، والدمع بيغسل وجعي عن الفراق.;هجرة;2012-09-24
67;طلعت عالطائرة وبعيني دموع، كل لحظة غربة بتمطر قلبي.;هجرة;2014-11-25
68;رحلتي كانت بدموع وصمت، وكل كلمة وداع كانت نار بالقلب.;هجرة;2015-08-09
69;وصلت بلاد بعيدة، بس صوت الوطن ما فارقني.;هجرة;2015-04-09
70;في الغربة كنت بحاول أضحك، بس الشوق خلاني أغرق بالدمع.;هجرة;2016-09-22
71;رحت عالحدود، والدمع ساكن عخدي بيحكي قصة الغربة.;هجرة;2017-08-25
72;طلعت عالطائرة، وكل أحلامي معلقه بالسماء.;هجرة;2017-08-17
73;رحلت وما في حدا معي، بس صوت أمي بضل معي بنفسي.;هجرة;2017-09-14
74;كل لحظة غربة بتحكي عن حب ما انكسر ولا انتهى.;هجرة;2017-03-24
75;صرت أتخيل لم الشمل كل لحظة، والدمع يصير غيمة فوق خدي.;هجرة;2017-02-01
76;رحت عالحدود، وقلبي بين الهنا وهناك، ضايع بين الحلم والواقع.;هجرة;2015-06-12
77;رحلت، بس ذكرى الوطن محفورة بنفسي وروحي.;هجرة;2014-05-08
78;على مدخل الحارة القديمة، افتكرت ضحكات الوالدة وزغاريد الأخوة.;هجرة;2016-10-06
79;سافرت عالأرض البعيدة والقلب معلق بلم الشمل وبلمة الدفء.;هجرة;2013-08-26
80;كل غربة بتحكي قصة وجع وحنين ما بينتهي.;هجرة;2016-09-27
81;غربة المدينة الكبيرة خنقتني، وحكيت للنجوم عن هالوجع.;هجرة;2017-10-12
82;سافرت والشوق بقلبي، وكل لحظة بتزيد وجعي مع الغربة.;هجرة;2012-09-29
83;سافرت للقلب بعيد، بس الحلم بالحضن ما بينسى ولا بيموت.;هجرة;2014-03-16
84;طلعت عالطائرة، والدمع ساكن عالوجنتين.;هجرة;2015-12-13
85;رحت عالحدود، وكل لحظة انتظار بتغلي بالروح.;هجرة;2017-01-27
86;دخلت مطار كبير، وكل خطوة بتوجع قلبي عالفراق.;هجرة;2016-07-11
87;رحلت والجراح بالغربة عم تنمو، بس الأمل أكبر.;هجرة;2017-06-26
88;رحت عالحدود، والحنين بعيوني مثل نار ما بتطفي.;هجرة;2012-04-25
89;طلعت عالباص وقلبي معلق بالوطن، بس الطريق بعيدة والبعد ثقيل.;هجرة;2014-07-27
90;رحت عالحدود، والدموع تمطر قلبي الولهان.;هجرة;2012-07-06
91;رحت عالحدود، وكل خطوة بتبعدني أكتر عن لم الشمل.;هجرة;2014-12-19
92;وصلت بلاد الغربة، والذكريات مثل النسيم بتهب بالليل.;هجرة;2013-11-25
93;في الغربة، كل صوت غريب بيرجعني لذكريات الحارة والأهل.;هجرة;2013-07-05
94;كل غربة بتزيد حبي للوطن وكل لحظة بتعلمني الصبر.;هجرة;2016-05-23
95;جلست لوحدي بالسوق، وقلبي عم يصرخ من وجع الغربة.;هجرة;2012-04-16
96;كل يوم بالغربة بحلم أسمع صوت والدي يناديني بالباب.;هجرة;2017-11-03
97;طلعت عالطائرة، وكل لحظة غربة بتوجع أكثر من قبل.;هجرة;2015-01-22
98;كل خطوة بالسفر كانت بتقطع قلبي، بس تعب الغربة بيصقل الإنسان.;هجرة;2013-03-29
99;طلعت عالطيارة، والسماء كانت تبكي معي على فراق الأحبة.;هجرة;2013-09-05
100;سافرت، وبحلم بالرجع والهدايا اللي ما قدرت أجيبها.;هجرة;2015-11-11
101;وصلت بلاد الغربة والقلب ملان ذكريات ما بتنتهي.;هجرة;2012-01-14
102;سافرت والقلب ينبض بحب الأرض اللي تركتها وراي.;هجرة;2012-08-10
103;طلعت عالطائرة، وقلبي مشغول بلقا الأحبة.;هجرة;2016-02-22
104;سافرت عالبحر، بس الموج ما غسل حزني، والغياب صار أعمق.;هجرة;2014-01-09
105;رحت عالحدود، والروح متشتتة بين الوداع واللقاء.;هجرة;2014-12-10
106;رحت عالحدود، أحلم بلم الشمل والفرحة الكبيرة.;هجرة;2014-10-29
107;سافرت ومعي صوت الحارة وضحكات الأصحاب.;هجرة;2017-05-10
108;سافرت، وقلبي عم ينبض بحب الوطن وأهله.;هجرة;2015-07-03
109;سافرت، وبحلم برؤية العائلة تحت الشجر القديم.;هجرة;2013-06-11
110;كل شارع غريب بذكرني بطريق الحارة وبضحكات الصبح.;هجرة;2016-04-23
111;سافرت لحالي، بس صور الأحباب معي بكل خطوة.;هجرة;2017-07-29
112;طلعت عالطائرة، وقلبي بين الألم والفرح مشتاق.;هجرة;2013-08-09
113;كل ما بشوف الغروب بحس إنو اللقا صعب، بس الله كريم.;هجرة;2013-10-14
114;كل غربة بتعلمني قديش الوطن هو الحضن الدافي.;هجرة;2016-04-08
115;يا ريت الطيارة توقف بين السحاب وأرجع لعناق الأحباب.;هجرة;2017-08-16
116;وصلت بلاد الغربة، وبقلب مكسور بحاول أبني حياة.;هجرة;2014-01-22
117;طلعت عالطائرة، وقلبي محمل بأماني الرجعة.;هجرة;2016-02-01
118;كل غربة بتعلمنا قديش الوطن هو الحضن الكبير.;هجرة;2014-11-06
119;رحت عالحدود، وكل خطوة بتبعدني أكتر عن الدفء العائلي.;هجرة;2015-05-13
120;رحت عالحدود، والدمع ساكن عخدي بكتوب عن وجع البُعد.;هجرة;2014-04-01
121;رحت عالحدود، وكل خطوة بتبعدني عن لم الشمل.;هجرة;2016-06-23
122;طلعت عالطائرة، وكل أمنياتي رجعة للبيت.;هجرة;2016-06-27
123;سافرت، وما نسيت دفء يدي أمي وقصصها الحلوة.;هجرة;2015-12-23
124;سافرت لبعيد، ورغم البُعد صوت أمي بيضل يناديني.;هجرة;2017-04-27
125;وصلت بلد غريب، طلع طعم الحكي غير، وجرحي غير.;هجرة;2012-07-25
126;كل غربة بتزيد شوقي للقاء الأحباب ولمّة العيلة.;هجرة;2016-08-09
127;رحلت بليل وما حدا دري، بس صوت أمي بعد ببال راسي.;هجرة;2016-04-25
128;وصلت بلاد الغربة، وقلبي ما بينسى رائحة خبز أمي.;هجرة;2013-10-26
129;رحت عالحدود، وحسيت قلبي مسروق بين دنيتين.;هجرة;2016-06-10
130;بغربة المدينة الكبيرة، بتمنى بس أرجع عالزقاق القديم.;هجرة;2015-05-20
131;رحت عالحدود، وكان الحلم بشمس تشرق على بلدي.;هجرة;2015-06-15
132;رحلت وما كنت وحدي، معي صور ودعوات الأحباب.;هجرة;2013-10-02
133;كنت عم بمشي عالشارع، وفجأة حسيت إنو العالم كله صار غريب.;هجرة;2017-04-23
134;طلعت عالطيارة والدمع ساكن عخدي، كل ما غبت بزيد شوقي.;هجرة;2013-12-24
135;كنت عم بحزم شنطتي، والدنيا كلها عم بتمطر حزني على الفراق.;هجرة;2016-08-06
136;وقف عالحدود، والدنيا كلها صارت صخر بيني وبين أحلامي.;هجرة;2012-09-20
137;وصلت بلد غريب، وبقلب مكسور عم حاول أبني حياة جديدة.;هجرة;2012-11-10
138;طلعت عالطائرة، والدموع بتروي حكاية الغربة الطويلة.;هجرة;2013-02-11
139;سافرت ومعي ذكريات الحارة وضحكات الأطفال.;هجرة;2013-11-02
140;رحت عالحدود، والدمع يسيل على خد الغربة.;هجرة;2015-03-01
141;سافرت والغربة علمتني الصبر والحنين.;هجرة;2014-06-02
142;كل غربة بتزيد أمنيتي بلم الشمل والرجعة.;هجرة;2015-07-22
143;سافرت، ومعي كل الذكريات الحلوة من البيت.;هجرة;2014-02-17
144;طلعت عالطائرة، وعيوني عم تبكي عالوداع.;هجرة;2012-08-13
145;شفت وجوه مرتين، وكل مرة زاد الشوق للبيت وأهلي.;هجرة;2017-10-20
146;وصلت بلد الكلاب والغرباء، بس ضل قلبي معلق بصوت البابا.;هجرة;2015-07-27
147;طلعت عالطائرة وكتبت رسالة لأهلي، عساتي أرجع بسلام.;هجرة;2017-10-15
148;رحت عالحدود، والروح متعبة من الغربة والبعد.;هجرة;2013-03-15
149;وصلت بلاد الغربة، وبقلب مليان حب الوطن وذكرياته.;هجرة;2014-12-07
150;كانت الرحلة طويلة والوجع أكبر، بس أمل الرجعة ضوي عتمتي.;هجرة;2013-04-29
151;طلعت على الطيارة وقلبي معلق بالوطن وأحلام الرجعة.;هجرة;2016-12-21
152;طلعت عالطائرة، والدمع يدوب بليلي الطويل.;هجرة;2016-07-30
153;رحلت، بس حكاية الوطن عم تعيش بقلبي.;هجرة;2017-01-15
154;كل لحظة غربة بتعلمني قيمة الوطن والحب.;هجرة;2012-08-23
155;رحلت، بس حب الوطن ما بينتهي ولا يضيع.;هجرة;2013-10-19
156;حلمت إنو في صوت انفجار قريب، وأنا عم دَوّر على إخواتي بين الركام، بس ما لقيت حدا 😢.;خوف;2012-09-28
157;يا جماعة شفت حالي محبوس بغرفة عتمة، وكل ما حاولت أصرخ ما طلع صوتي، بليز شو معناها؟;خوف;2014-10-11
158;حلمت إنو في طيارة عم تنزل علينا، بس قبل ما توصل صحيت مفزوع، الله يستر.;خوف;2011-03-06
159;شفت حالي عم أهرب من بيت عم يتهد، والطريق عم يطوّل وما يوصل، حدا يفسرلي.;خوف;2011-10-21
160;حلمت بوجوه ناس ميتين عم يطلعوا عليّ من الضباب، بس ما حكو ولا كلمة، والله خوفت.;خوف;2014-01-26
161;حلمت بصوت انفجار قريب وأنا عم أدوّر على أهلي.;خوف;2014-04-09
162;حلمت بغرفة مظلمة وما كنت قادر أصرخ.;خوف;2012-06-29
163;شفت طيارة عم تهبط علينا بالمنام، قبل ما توصل صحيت.;خوف;2014-04-09
164;حلمت إني عم أهرب من بناية تنهار والطريق طويل.;خوف;2012-07-23
165;شفت وجوه ناس ميتة عم تظهرلي فجأة من الضباب.;خوف;2014-06-01
166;كنت بغرفة مظلمة وما عم اقدر أصرخ;خوف;2011-08-12
167;حلمت بصوت انفجار قريب وكنت عم دور على أهلي;خوف;2014-11-30
168;شفت طيارة عم تنزل علينا قبل ما توصل صحيت مفزوع;خوف;2013-07-28
169;عم حفر بالأرض بلا ما بلاقي سلام;خوف;2014-02-26
170;البيت يلي عشنا فيه عم ينهار وأنا حاسس روحي وحدي;خوف;2012-04-03
171;البيت بلا جدران والسماء بلا غيوم;خوف;2012-11-09
172;الأهل عم يحاولوا يهربوا وأنا عالق بلا طريق;خوف;2014-06-07
173;الطرق كلها بلا نهاية وأنا ضايع بلا أمل;خوف;2015-12-09
174;المستقبل مظلم والدمع أغلى هدفي;خوف;2012-08-19
175;القلق عم يبلش يغزو قلبي وأنا بلا حيلة;خوف;2016-11-17
176;الناس عم تختفي وأنا مش قادر ألقى حدا;خوف;2016-05-18
177;الأسواق فاضية والناس مختفية وأنا مش متأكد إذا في أمان;خوف;2014-12-05
178;الأمان صار سراب والليل بلا نجوم;خوف;2011-12-01
179;عم أسمع صوت الرصاص وصدى قلبي ينكسر;خوف;2015-03-16
180;البيت صار قفص والدمع مافي حدود;خوف;2011-04-09
181;المستقبل ضبابي وأنا ضايع بلا عنوان;خوف;2015-10-18
182;صوت الانفجارات صار رفيقي بالدنيا;خوف;2012-06-24
183;عم أسمع صوت أمي ناديني وأنا مش قادر أوصلها;خوف;2014-07-20
184;صوت القصف صار همسة في أذني بلا رحمة;خوف;2012-09-21
185;عم بشوف الليل عم يبتلع ضو عيني;خوف;2012-12-03
186;عم امشي بالليل والنجوم مخفية والظلام ما بلاقي منحى;خوف;2014-07-10
187;صوت القصف صار همسة في أذني ولا بس عيوني;خوف;2015-09-16
188;عم أسمع صوت القنابل وهو يزعج قلبي وينغص نومي;خوف;2013-04-12
189;السماء عم تنزل دخان وأنا قاعد بلا تحرك;خوف;2016-12-18
190;عم ببحث عن طوبة أركبها على الدنيا المتكسرة;خوف;2012-03-05
191;السماء معلقة فوقي بلا نجم بلا ضوء;خوف;2015-03-17
192;المدينة كلها عم تحترق وأنا حاسس إني عم أختفي;خوف;2012-01-08
193;السماء بلا لون والدمع أغلى هديتي;خوف;2015-06-25
194;عم بشوف العتمة عم تزيد في عيوني;خوف;2015-03-22
195;السماء بلا لون والقلب بلا نبض;خوف;2015-09-17
196;عم دور على أخويا بكل مكان بس الغربة عم تكسر قلبي;خوف;2016-07-29
197;الأبواب مقفلة وأنا محاصر بلا أمل بالخروج;خوف;2012-06-12
198;الصمت عم يحاصرني وأنا عم أصرخ بلا صوت;خوف;2014-04-11
199;الظلام عم يبتلعني وأنا بلا أمل بالنجاة;خوف;2011-01-15
200;البيت بلا أبواب والدمع أغلى صديق;خوف;2016-06-01
201;البيت يلي كان دافي صار كومة برد ورصاص;خوف;2016-05-12
202;الأولاد عم يجروا وأنا ضايع ما بعرف طريق العودة;خوف;2012-10-09
203;عم أسمع صراخ البعيدين وأنا بلا صوت;خوف;2012-07-30
204;عيوني بتشوف وجوه الناس خايفة وأنا متلهم ما بعرف شو أعمل;خوف;2013-09-23
205;الدمع صار رفيقي الأمين وأنا بلا أمل;خوف;2012-01-27
206;الظلام عم يحيط فيني والدمع ما عم ينزل;خوف;2013-01-31
207;عم بصرخ وبعد الصوت ضاع وما وصل لأحد;خوف;2014-10-21
208;النار عم تلاحقني وأنا بلا حيلة وخايف;خوف;2016-05-25
209;المستقبل مظلم وأنا بلا بصيص نور;خوف;2015-11-03
210;عم أسمع صراخ الأهل وأنا مش قادر أوصلهم;خوف;2013-04-14
211;الرجوع غائب والقدام مظلم والقلق بالقلوب عميق;خوف;2014-11-02
212;الظلمة عم تبلع كلشي وأنا بلا أمل;خوف;2015-01-19
213;الدموع عم تنزل وأنا شايف الدمار حواليني;خوف;2012-09-24
214;عم أمشي بشوارع مهجورة خايفة من الضجيج;خوف;2013-04-09
215;الرصاص عم يطير حوالي وأنا بلا درع;خوف;2012-12-20
216;الدموع عم تسيل وأنا بلا صوت أقول فيه;خوف;2014-11-08
217;صوت الانفجارات ما عم يهدى وقلبي عم يدق بسرعة;خوف;2011-10-13
218;البيت صار وحش والدموع بلا حدود;خوف;2014-08-25
219;عم بحاول أتنفس بس الخوف ما عم يتركني;خوف;2011-11-06
220;الأهل مختفين وأنا بلا مكان أرجع عليه;خوف;2013-04-05
221;الصوت صار بعيد وأنا عم آخذ أنفاسي بصعوبة;خوف;2012-09-15
222;صوت الأنفجار صار أغنية حزينة;خوف;2013-11-04
223;الظلام عم يبلش يبتلع قلبي وأنا بلا صوت;خوف;2016-08-20
224;عم بشوف وجوه الناس خايفة وأنا معهم بلا ما أحس;خوف;2011-10-25
225;الناس مفقودين وأنا عم أتمسك بذكرى ضائعة;خوف;2013-12-09
226;البيت بلا جدران وأنا بلا حماية;خوف;2012-09-09
227;عم بحاول أتنفس بس الهوا ما بلاقيه;خوف;2016-03-30
228;السماء بلا لون والريح عم تقطع روحي;خوف;2016-01-05
229;الطرق مهجورة وأنا ضايع بلا دليل ولا اتجاه;خوف;2011-05-12
230;الأرض عم تترك رجلي وأنا عم أنزلق بلا توقف;خوف;2014-09-08
231;البيت صار مغطى بالرماد وأنا عم أمسك بالذكرى;خوف;2013-01-28
232;البيت صار وحش وأنا بلا ملجأ;خوف;2014-05-10
233;الطريق ضايعة وأنا مش عارف وين روحي رايحة;خوف;2013-04-17
234;الأولاد عم يبكوا وأنا عم أضمهم بقلبي بلا كلام;خوف;2015-07-27
235;الأهل ضايعين وأنا بلا أمل بالبكاء;خوف;2012-11-05
236;البيت صار كومة حجارة وأنا بلا أمل أرجع لعتمتي;خوف;2015-12-29
237;عم بشوف أخي عم يختفي وأنا ما بدي أتركه;خوف;2015-04-23
238;السماء بلا شمس والليل بلا أمل;خوف;2011-11-07
239;الليل خنقني وأنا عم أتنفس بصعوبة وخوف;خوف;2012-07-01
240;الأمل ضاع بين أصوات الرصاص والصمت المحزن;خوف;2015-10-12
241;عم بحاول أحمي حالي بس الدنيا كلها نار وجمر;خوف;2015-07-01
242;الصمت عم يكسرني وأنا مش قادر أصرخ;خوف;2016-03-03
243;عم أسمع صوت الصراخ بس إيدي مقيدة وما بقدر أتحرك;خوف;2015-06-04
244;الدموع عم تهطل وأنا بشوف حالي ضعيف وخايف;خوف;2013-07-02
245;عم بشوف وجهي منعكس بزجاج مكسور والدموع ما بتنتهي;خوف;2011-01-29
246;الدنيا بلا أمان والقلوب عم تنكسر بلا رجعة;خوف;2011-11-16
247;عم أمشي بشوارع خايفة من صوت الطيارات فوق راسي;خوف;2015-03-14
248;الأهل مفقودين وأنا بين الرصاص متل الضايع;خوف;2016-08-15
249;السماء عم تنكسر وأنا عم خسف أكتر;خوف;2015-11-30
250;عم بشوف الناس عم يختفوا وأنا بلا أمل;خوف;2014-01-14
251;البيت تبعنا صار رماد والدمع عم ينزل بلا توقف;خوف;2013-10-24
252;الناس عم تختفي وعم يبقى صوت الخوف صدا;خوف;2014-10-11
253;البيت بلا باب وأنا بلا مفتاح;خوف;2014-08-10
254;عم أركض بس الأرض بتزحلق وأنا بلا قرار;خوف;2011-12-26
255;السماء عم تنهار والدمع بلا توقف;خوف;2015-03-18
256;صوت القصف صار أغنية بلا لحن وأنا بلا نبض;خوف;2016-07-14
257;الناس عم تجروا وأنا واقف متل شجرة وسط العاصفة;خوف;2016-03-28
258;حلمت إني محاصر بين أربع جدران والهدير حواليني;خوف;2015-03-11
259;سلّموني على الخوف والدموع والسهر بلا نوم;خوف;2014-05-03
260;الدخان عم يملأ السما وأنا مش قادر أتنفس;خوف;2015-04-16
261;عم شوف ظلي بعتمة الحرب وما بلاقي نور;خوف;2016-10-29
262;الأهل صرنا نبحث عن صوتهم بلا جدوى;خوف;2015-03-04
263;بدي أهرب بس الطرق كلها مسكرة والرياح ماسكة فيي;خوف;2014-02-11
264;عم بشوف الضوء بعيد وأنا عم أسمع صوت القصف;خوف;2013-10-24
265;البيت بلا حيطان والدموع بلا حدود;خوف;2013-05-29
266;الأهل ضايعين وأنا بلا طريق;خوف;2012-01-18
267;عم اتلم بالظلام وما بقدر ألقا حد يساعدني;خوف;2011-04-25
268;السماء سوداء والقلوب شالها الخوف بلا أمل;خوف;2012-03-16
269;عم بلاقي وجهي بين الأطلال والقسوة;خوف;2013-04-17
270;الأمان صار سراب وأنا بلا مكان;خوف;2014-06-11
271;عم اسمع صرخات من بعيد وما بقدر أساعد;خوف;2012-02-22
272;الرجال اختفوا والنساء صرن مثل الأشباح خايفين;خوف;2012-09-19
273;البيت يلي كنا فيه صار أطلال وأنا مجروح بالقلب;خوف;2014-01-19
274;المستقبل مجهول والقلق صديق دائم;خوف;2015-10-26
275;البيت عم ينهار وأنا واقف بلا حركة بلا صوت;خوف;2016-03-10
276;صوت الرصاص صار أغنية حزينة بلا حياة;خوف;2014-09-11
277;الآخر المدينة عم تحترق وأنا قاعد متل حجر;خوف;2016-08-02
278;البيت صار أطلال والدموع ما بتنتهي;خوف;2014-05-30
279;عم أضيع كل يوم أكتر وقلبي بلا قرار;خوف;2014-09-13
280;الدموع عم تغرقني والقلق ما عم يتركني;خوف;2014-10-14
281;الأمان صار حلم بعيد وأنا بلا وصف;خوف;2015-05-18
282;السماء عم تمطر قذائف وفرقي عم يصرخوا وقلبي عم ينبض بسرعة;خوف;2012-01-09
283;عم شوف حالي محبوس بغرفة مظلمة ما بلاقي باب للخروج;خوف;2013-08-12
284;المستقبل ضبابي وأنا مش عارف وين روحي رايحة;خوف;2015-06-19
285;قلبي عم يتمزق كل ما سمعته صوت القصف;خوف;2016-10-29
286;عم بحاول أركض بس رجلي مش عم تسمعني;خوف;2011-11-26
287;عم بحاول أقنع حالي إني رح أكون بخير;خوف;2015-12-26
288;الخوف عم يلعب بقلبى وأنا بلا سلام;خوف;2014-12-29
289;السماء بلا نجمة وأنا بلا نور;خوف;2016-11-07
290;الليل ساكن وأنا عم بهرب من ظلي والذكرى;خوف;2015-05-19
291;السماء عم تتفتح وأنا بلا معطي أمل لنفسي;خوف;2014-04-17
292;الأمان صار ذكرى وأنا عم أتخبط بالغربة;خوف;2016-10-29
293;الأهل مفقودين وأنا بلا ذاكرتي;خوف;2013-04-03
294;المكان يلي كنا نلعب فيه صار ساحة للحزن والدموع;خوف;2016-07-21
295;عم بمسك إيدي والدتي ومظلومين بالدنيا بدون حماية;خوف;2011-11-17
296;عم بشوف عيوني عم تنهار والقلوب عم تتجمد;خوف;2013-04-08
297;عم شوف وجهي بالمرآة والدموع ما عم توقف;خوف;2013-04-12
298;السماء عم تهرب مني وأنا بلا أمان;خوف;2012-12-27
299;عم بشوف الدخان عم يبلش يغطيني وأنا بلا نفس;خوف;2014-05-03
300;عم حاول أفتش عن مطار آمن بس الضباب عّم يحجب الطريق;خوف;2011-12-19
301;عم بشوف ضلعي يتكسر والدنيا عم تروح مني;خوف;2013-09-22
302;عم شوف وجهي عاكس بالمرآة مكسور والدمعم ماوقف;خوف;2016-08-09
303;السماء عم تنهار والقلق عم يزيد;خوف;2011-02-03
304;الأولاد عم يصرخوا من بعيد وأنا ضايع ما بعرف وين روح;خوف;2012-07-31
305;الدنيا بلا أمان وأنا ضايع بلا مكان أسمّى بيتي;خوف;2015-06-13
306;قالولي بدي أهرب بس رجلي مش عم تسمعني;خوف;2011-10-11
307;الليل عم يحاصرني والقلق عم يدق على بابي;خوف;2014-02-10
308;الظلام عم يحتل عيوني والقلق عم يخنق روحي;خوف;2011-07-16
309;حلمت إنو الكهربا رجعت بكل الحارة، والولاد نازلين يغنّوا، والله حسّيت بفرحة ما صارت من سنين ❤️.;أمل;2021-08-12
310;شفت حالي عم اشتغل بشي ورشة صغيرة وعم أساعد الشباب، كان شعور حلو كتير.;أمل;2022-12-26
311;حلمت إنو صوت القصف سكت، وطلعت الناس عالشوارع عم يصفّقوا وعم يضحكوا، يمكن خير يا رب 🙏.;أمل;2020-04-23
312;حلمت إنو ابني رجع من السفر، حامل هدية صغيرة لإختو، وكان مبسوط كتير، خير إن شاء الله.;أمل;2020-07-03
313;شفت حالي عم أزرع شجرة بنص الحارة، وولاد صغار عم يساعدوني، حسّيت بالأمل متل أول مرة.;أمل;2023-05-12
314;حلمت إنه الكهربا رجعت لكل الحارة، والناس نازلة فرحانة.;أمل;2023-04-18
315;شفت نفسي عم أفتح محل صغير، والناس عم تجي وتشتري، حسيت بشعور حلو.;أمل;2019-09-26
316;حلمت إنو صوت القصف خف، وطلعت الناس عم تضحك وتغني.;أمل;2022-05-11
317;حلمت ابني رجع من السفر حامل لعبة صغيرة لأخته.;أمل;2024-03-27
318;شفت نفسي عم أزرع شجرة زيتون بنص الحارة وولاد صغار عم يساعدوني.;أمل;2022-07-04
319;حلمت إنو الكهربا رجعت وكل الناس نازلين فرحانين;أمل;2019-06-04
320;حلمت إنو صوت القصف سكت والناس عم يضحكوا ويغنوا;أمل;2024-08-17
321;شفت نفسي عم أفتح محل صغير والناس عم تجي وتشتري;أمل;2023-02-27
322;ابني رجع من السفر حامل لعبة صغيرة لأخته;أمل;2021-11-05
323;كنت عم أزرع شجرة زيتون وولاد صغار عم يساعدوني;أمل;2020-10-19
324;رجعت أحيي ذكريات الطفولة وأحس بالسلام يغمرني من جديد;أمل;2019-03-30
325;بديت من الصفر وبالعزيمة صرت أملك مستقبلي بيدي;أمل;2021-01-11
326;وصلت للنجاح بقلبي وصرت أؤمن بأحلامي;أمل;2024-04-16
327;لقيت بصيص أمل عم يلمع بقلبي بعد كل التعب;أمل;2023-01-22
328;رجعت أخلق حياة جديدة مليانة سلام وسعادة;أمل;2022-04-26
329;بنيت أعمالي على أسس قوية وصرنا نحقق المستحيل;أمل;2022-08-15
330;بنيت مستقبلي بأيدي ومشيت بكل ثقة;أمل;2020-03-31
331;وصلت للنجاح بقلبي وصرت أآمن إنو كل شي ممكن;أمل;2019-02-08
332;ركبت قارب النجاح وجريت على الموجات رغم كل العواصف;أمل;2021-12-25
333;بنيت قلبي على أمل وصبر وصرت أعيش فرحة كل يوم;أمل;2022-01-27
334;لقينا بعض بعيون بتتكلم عن حب وأمل جديد;أمل;2022-02-15
335;شفت السلام يعمّ الدنيا ويزرع حب بالغلا;أمل;2022-10-31
336;وصلت للنجاح وصار قلبي يغني من الفرحة والسلام;أمل;2023-04-24
337;صارت لحظات السلام توصل قلبي لكل الناس;أمل;2024-01-07
338;لقينا بعض وعاد الصمت يحكي عن الفرح والسرور;أمل;2025-02-05
339;رجعت أزرع أمل جديد بقلبي رغم كل الألم;أمل;2023-10-10
340;لقيت السلام صار دفي وروح بقلبي ما بتخلى;أمل;2023-07-15
341;نجحت بتجاربي وتعلمت كيف أبني عمر جديد فوق الأطلال;أمل;2024-10-05
342;رجعت لعيلتي وأحسيت الدفا يملأ قلبي وروحي;أمل;2023-08-27
343;وصلت لحلمي رغم كل التعب وصار في قلبي حلم أكبر من السماء;أمل;2022-04-02
344;لقينا بعض بعيون بتلمع أمل وصار الحكي عن مستقبل;أمل;2022-04-27
345;لقيت طريق النجاح بقلبي وصرنا نزرع أمل بكل خطوة نخطوها;أمل;2025-11-21
346;بنيت مستقبلي على أساس قوي ورجعت أعيش الحلم;أمل;2024-08-17
347;نجحت بخطوات ثابتة ورجعت أزرع أمل بقلبي كل يوم;أمل;2025-12-08
348;نجحت بتعب وعزيمة وصرت أعيش أحلى حياة;أمل;2025-02-14
349;بنيت قلبي على محبة وصبر وأحلام كبيرة;أمل;2020-03-25
350;رجعت أزرع وردة حب بقلبي رغم كل الصعوبات;أمل;2024-04-14
351;رجعت للحي القديم ولقيت وجوه تحكي قصص أمل من زمان;أمل;2019-01-28
352;رجعت للشارع القديم وأهل الحي رحبوا فيني بحب ما انتهى;أمل;2019-09-26
353;صارت لحظات اللقاء مليانة حب وفرح وحنين;أمل;2024-05-24
354;لقينا بعض بضحكة بتملأ الحياة نور وأمان;أمل;2023-05-18
355;لقينا بعض بعيون بتلمع فرح وأمل ما بينتهي;أمل;2022-11-14
356;بنيت حياتي بأيدي وما خلت خيبة توقفني;أمل;2022-09-13
357;رجعت أعيش أمل جديد مع كل صباح بيشرق على الدنيا;أمل;2023-09-28
358;رجعت أزرع وردة حب وسط رياح الحياة القاسية;أمل;2020-08-26
359;الليلة دي حلمت برجوع السلام لعالمنا يلي تعب من الحروب;أمل;2025-08-20
360;نجحت بروحي وصرت أعيش أمل كبير وجديد;أمل;2025-08-15
361;نجحت بحبي وعزيمتي وصرت أزرع أمل بالحياة;أمل;2022-10-13
362;رجعت لجذوري وحسيت بالسلام يعانق روحي;أمل;2025-11-27
363;بنيت حالي على أمل ما رح ينطفى مهما صعبت الأوقات;أمل;2024-03-07
364;رجعت لعيلتي وأحسيت الدنيا بتضحك معي من جديد;أمل;2022-12-31
365;لقينا بعض بعيون مليانة حب وأمل بلا حدود;أمل;2024-04-03
366;لقينا بعض بضحكة بتلمع مثل نجوم الليل وصار الأمل ينمو;أمل;2024-01-26
367;بنيت أمالي فوق جبال الصبر والرجاء;أمل;2025-12-24
368;رجعت أزرع ورد بحياتي رغم الجراح وبقيت أؤمن بالفرح;أمل;2022-12-27
369;لقيت السلام يعيش في روحي وما رح ينتهي أبداً;أمل;2025-11-13
370;رجعت أخلق بصمة جديدة بحياتي وما عاد في شي بيوقفني;أمل;2024-10-10
371;وصلت لأهدافي وصار قلبي يغني من النجاح;أمل;2022-08-29
372;وصلت لهدفي بعد تعب سنين وصار الحلم حاضر بكل لحظة;أمل;2023-04-26
373;بنيت صداقاتي على أسس الخير والتفاؤل وصرت أعيش فرح;أمل;2023-02-10
374;نجحت بتحقيق الأماني وصرت أزرع خير وأمل;أمل;2025-06-04
375;لقينا بعض بضحكة تزرع الفرح وتنهي كل وجع;أمل;2021-01-13
376;صارت لحظة اللقاء تملأ قلبي فرحة وسلام;أمل;2022-06-26
377;صارت لحظات السلام تملأ الدنيا حب وسلام;أمل;2023-12-28
378;صارت لحظات السلام تملأ قلبي نور وحياة جديدة;أمل;2025-08-03
379;بنيت جسور بيني وبين أحبابي وصار الحلم حقيقة;أمل;2020-10-01
380;لقينا بعض بضحكة بتفتح أبواب السعادة;أمل;2025-10-17
381;نجحت بتعب وعزيمة وصار قلبي يفرح وينور;أمل;2025-07-12
382;لقيت السلام جواتي ما عاد بقى في قلبي غصّة;أمل;2023-06-17
383;لقينا بعض بعيون بتشع أمل وفرح كبير;أمل;2023-04-14
384;صارت لحظة اللقاء أجمل من كل الكلام والوعود;أمل;2019-12-30
385;وصلت لهديتي مع الأيام وصار قلبي ينبض أمل وسلام;أمل;2020-08-20
386;بنيت جسور المحبة بين قلبي وقلوب الناس وصار الحلم حاضر;أمل;2021-03-27
387;لقينا بعض بعيون مليانة أمل وفرح وأمان;أمل;2019-02-07
388;وصلت للنجاح بعد صبر كبير وصارت الحياة أحلى;أمل;2019-05-25
389;بنيت قلبي من جديد وصار بالأمل بيعمر كل لحظة صعبة;أمل;2022-07-01
390;بنيت صداقات جديدة على أساس الصدق والتفاهم;أمل;2020-09-23
391;رجعت لعيلتي وحسيت الدنيا بدت تضحك معي;أمل;2020-11-24
392;لقينا بعض بضحكة بتسوى ألاف كلمات وحكايات;أمل;2021-03-08
393;رجعت لعيلتي بفرحة ما بتنتسى وأمل جديد;أمل;2023-04-08
394;لقيت السلام بقلبي ما عاد في مكان لليأس;أمل;2021-01-30
395;شفت السلام يعمّ أوقاتنا وصار في قلوبنا سلام;أمل;2020-03-28
396;رجعت لعائلتي ضحكنا وضوى الصبح من حولنا;أمل;2020-11-16
397;بنيت حياتي بإيدي وما خلت خيبة توقفني;أمل;2025-10-15
398;نلت أول نجاح صغير وبقيت الحكاية تنكتب بحروف الأمل;أمل;2023-06-20
399;شفت السلام يحيي كل مكان وقلوب الناس تبتسم;أمل;2023-10-31
400;وصلت لنجاح كبير وصار قلبي يغني من الفرح;أمل;2024-03-21
401;بنيت أفكاري على أسس الأمل والصبر;أمل;2024-03-24
402;رجعت لعيلتي ضحكنا سوا وكأن الزمن ما فرقناش لحظة;أمل;2025-11-03
403;بنيت جسور المحبة بين الناس وصار الحلم حقيقة معي;أمل;2024-07-03
404;نجحت بالصبر والإرادة وصار الحلم حقيقة بحياتي;أمل;2019-12-22
405;وصلت لأهدافي الكبيرة وبديت أعيش أحلى أوقات;أمل;2021-07-09
406;لقيت السلام بقلبي صار نور بحياتي ما بينطفى;أمل;2020-03-21
407;لقيت السلام بداخلي وصار الحزن يرحل بعيد;أمل;2022-09-22
408;لقينا بعض بعيون بتشع فرح وأمل كبير;أمل;2019-07-12
409;لقينا بعض بضحكة تمسح هموم السنين;أمل;2024-02-16
410;نجحت بخطاي وصرت أزرع أحلامي فوق الأرض;أمل;2021-06-11
411;شفت السلام يملأ الدنيا فرح وحب وانسجام;أمل;2025-08-27
412;بنيت أحلامي على صخر الأمل وصار كل يوم فصل جديد بحكايتي;أمل;2020-11-15
413;صرت أحلم بغد أحلى وبجد كل يوم عم بتقدم بخطوة جديدة;أمل;2025-11-27
414;شفت ضوء النجاح بيشرق من بعيد وصرنا نركض نحوه بلا خوف;أمل;2020-05-07
415;لقينا بعض بضحكة ترد الروح ورجعنا نصدق بقدرة التغيير;أمل;2020-12-28
416;لقينا بعض وضحكة تعمّ الدنيا وصار فينا أمل ما بينتهي;أمل;2019-09-17
417;بنيت صداقاتي على المحبة والصدق ورجع الأمل;أمل;2025-01-03
418;صارت الدنيا تنور لما رجع السلام لقلوبنا بعد طول غياب;أمل;2020-01-29
419;وصلت للنجاح بعرق جبيني وصار الحلم أكبر ما عندي;أمل;2025-08-12
420;وصلت لأعلى قمم النجاح وصار قلبي يغني فرح;أمل;2025-07-08
421;لقيت السلام صار نور بحياتي وقلب ما بينطفي;أمل;2019-09-22
422;بنيت قصر أحلامي الحجر حجر وصرت أعيش فرحة جديدة;أمل;2024-06-25
423;بنيت حياتي على أمل متجدد وصرت أعيش فرحة كل يوم;أمل;2023-11-11
424;لقيت السلام يسكن قلبي وما في شي يعكر صفوي;أمل;2021-05-12
425;لقيت السلام صار بقلبي نور ما بينطفي;أمل;2025-02-07
426;لقينا بعض بعيون بتعبر عن حب ما انكسر;أمل;2022-02-20
427;شفت السلام بيرجع يحلّ بقلوب الناس يلي تعبوا من القهر;أمل;2021-11-02
428;رجعت أزرع أمل بقلبي مهما ضاقت الدنيا حولي;أمل;2022-08-07
429;بنيت مستقبلي بقوة وحماس وصرت أعيش حلمي;أمل;2025-07-30
430;رجعت أزرع سلام بقلبي رغم كل العواصف;أمل;2020-01-08
431;لقينا بعض بعيون بتبشر بغد جديد مليان أمل;أمل;2024-03-09
432;بنيت روحي على أمل جديد وصرنا نخطط لحياة أحلى سوا;أمل;2022-10-06
433;رجعت لعيلتي وأحسيت الدنيا صارت أحلى وأجمل;أمل;2022-03-26
434;صارت لحظة اللقاء من أجمل لحظات العمر;أمل;2023-10-18
435;لقيت السلام عم يزرع الطمأنينة بقلبي وروحي;أمل;2024-09-24
436;صارت لحظة اللقاء تنشر الدفء والسرور;أمل;2021-06-27
437;رجعت لعزوتي بعد غربة طويلة وحسيت قلبي عم ينبض بالأمل;أمل;2025-11-24
438;شفّت عيوني نور الصبح الجديد بعد صبر طويل على الضيق;أمل;2025-07-31
439;نجحت وبديت أحلم بأحلام أكبر وأجمل;أمل;2019-02-02
440;صارت السماء صافية بعد عواصف الهم ورجع الأمل ينادي;أمل;2022-06-17
441;رجعت أزرع وردة جديدة بحياة متعبة بس ما رح استسلم;أمل;2025-04-10
442;لقينا بعض بضحكة بتشبه النور وبترجع الروح;أمل;2023-07-23
443;وصلت للنجاح الكبير وصار قلبي ينبض فرحاً;أمل;2022-02-21
444;نجحت بحلمي الكبير وبديت أعيش أمل ما بينتهي;أمل;2025-10-28
445;بنيت طبقة جديدة من الأمل فوق أنقاض الماضي;أمل;2019-04-01
446;صارت لحظة السلام تعمّ كل الدروب والبيوت;أمل;2019-07-24
447;بنيت مستقبلي بالإيمان والصبر وانتظرت الفرحة;أمل;2020-10-15
448;رجعت أزرع وردة حب بقلبي بعد كل جراح;أمل;2021-10-18
449;لقينا بعض بعيون ملانه أمل وصارت الدنيا أحلى;أمل;2020-04-23
450;رجع السلام يعمّ الأجواء وكل الناس بتشارك لحظة فرح;أمل;2024-12-23
451;رجعت أزرع أمل بكل خطوة بخطها بقلبي;أمل;2024-12-10
452;وصلت لمبتغاي بعد عزيمة ما إلها حدود وصارت الحياة أحلى;أمل;2023-10-10
453;وصلت لأحلى نجاح وصار الحلم حقيقة بلا قيود;أمل;2020-05-26
454;وصلت لأحلى النجاحات وصار قلبي يغني أمان;أمل;2025-11-02
455;بنيت صداقات جديدة غيّرت حياتي وراحت الخوف من قلبي;أمل;2022-10-23
456;لقيت السلام جواتي ما عاد في مكان للحزن واليأس;أمل;2021-12-21
457;شفت السلام بيرجع يغني بقلوب الناس يلي نسيت الضيق;أمل;2020-03-12
458;بنيت حياتي بإيدي وما رضيت أستسلم أبداً;أمل;2023-04-30
459;وصلت لأعلى قمة بحياتي حسّيت إني قادر أحقق كل شي بحلمي;أمل;2020-05-15
460;رجعت أخلق قصة نجاح جديدة رغم كل التعب;أمل;2019-08-02
461;صارت الحياة تنور بابتسامة رغم كل اللي صار من ألم وجرح;أمل;2025-09-10
462;لقينا بعض بعيون بتنبض حب وأمل بلا حدود;أمل;2024-11-02
463;لقينا بعض بعيون بتلمع فرح وأمل بلا نهاية;أمل;2023-08-17
464;حلمت ببيتنا القديم بالشام، نفس الفرش، نفس ريحة القهوة، حسّيت كأنو الزمن رجع لورا 😢.;حنين;2018-03-20
465;شفت الحارة تبعنا، الولاد عم يلعبوا، وأنا واقف أتفرّج وما حدا شايفني… شو تفسير هيك حلم؟;حنين;2018-06-27
466;حلمت بستي الله يرحمها، كانت عم تعمل مناقيش متل زمان، وقليتلي 'رجعوا الضحكة يا ابني'.;حنين;2016-08-17
467;أنا شفت المدرسة يلي درست فيها، نفس الصف ونفس رفقاتي، بس ما كنت قادر أدخل!;حنين;2020-04-16
468;حلمت إنو فتحت باب بيتنا القديم بحلب، وكل شي متل ما تركتو، حتى الصور عالحيط 🥺.;حنين;2021-02-25
469;حلمت بالبيت القديم بحلب، وكل الغرف متل ما تركناها قبل الحرب.;حنين;2020-07-23
470;شفت الحارة القديمة، نفس الزقاق، بس كل الجيران رحلوا.;حنين;2019-08-24
471;حلمت بستي عم تطبخ بالبيت، وكل شي متل زمان.;حنين;2016-11-16
472;حلمت بمدرستي القديمة، وكل الصف مليان طلاب متل أيام زمان.;حنين;2017-01-10
473;شفت بيتنا القديم، وكل شي منظم متل ما كان، الصور والستائر.;حنين;2019-04-03
474;رأيت المدرسة القديمة والصفوف كلها متل ما كانت;حنين;2019-09-03
475;فتحت باب البيت القديم وكل شي منظم متل ما كان;حنين;2016-02-15
476;حلمت بستي الله يرحمها وكانت عم تطبخ متل زمان;حنين;2020-12-13
477;شفت الحارة تبعنا والولاد عم يلعبوا متل أيام زمان;حنين;2020-06-27
478;حلمت ببيتنا القديم بالشام، نفس الفرش ونفس الريحة;حنين;2016-07-01
479;رجعت على بيتنا القديم لقيت الريحة الطيبة من ياسمين البلكونة ما زالت محفورة بقلبي;حنين;2021-05-09
480;ضحكنا مع رفقاتي ع الطاولة، طعم الكبة والفتوش دغري رجعني لأيام زمان;حنين;2016-08-31
481;حسيت بنفسي عم أمشي بشوارع الحي القديم، كل زاوية بتحكي قصة من طفولتي;حنين;2017-02-23
482;ريحة الخبز الطازة من الفرن عطتني احساس دافي وكأني رجعت لأسبوع مضى;حنين;2017-05-23
483;سمعت صوت الأصدقاء عم ينادوا اسمي من بعيد، قلبي عم يذوب من الحنين;حنين;2018-03-24
484;جلست ع المدخل لقيت النسمة بتلعب مع أوراق الشجر، بتذكر نص الليل وأحاديثنا الحلوة;حنين;2018-10-08
485;أمي تحضر المقلوبة، والريحة تعم البيت، قلبي صار كبير من الحنين للوحدة;حنين;2020-09-19
486;رجعت الزمان لبسني قبّة الحمرة وقلت يا ريتني ما رحلت;حنين;2021-06-30
487;جلسة ع القهوة مع الرفاق، والضحكة عم تعبي الدار ومن غير وجوههم ما بكفي;حنين;2020-08-12
488;شممت ريحة الزهر اللي ع الشرفة وبتذكر أيام اللعب ع الشارع مع الصحاب;حنين;2021-01-24
489;رجعت بذاكرتي ع صلاة المغرب بكنيسة الحي، والهدوء اللي كان يملأ الجو;حنين;2021-10-01
490;أكلات أمي على الطاولة، كل لقمة بتحكي قصة الحنين للبيت ولمّا كنا صغار;حنين;2016-06-05
491;صيح يا حبيبي، صوت الجيران وبساط الدكان، هذا كله بيت وتاريخ ما بينسى;حنين;2019-09-22
492;جلست ع الدرج بليالي الصيف، موسيقى الناي كانت تعزف حكايات من زمان;حنين;2020-09-27
493;حمص ع الطاولة، الكبة والورق عنب، كل طعمة بتعطيك ذاكرتين بتصير كنز;حنين;2021-01-08
494;ريحة القهوة عالصبح ببيتنا القديم، بتعطيك دفء ما حدا بيفهمه غير اللي عاشه;حنين;2019-02-01
495;لعبت مع الصحاب ع الشارع الضيق، ضحكاتنا ترددت بين جدران الحي القديم;حنين;2021-03-29
496;بتذكر ريحة الزهور اللي كانت بحديقة جدتي، وكل مرة بروح لعالمها الحلو;حنين;2019-08-09
497;رجعت لعند الطاحونة القديمة، صوت المي ورائحة الأرض البلدي أخذتني بعيد;حنين;2020-02-20
498;بيت جدتي واللحف القديمة، شممت ريحة الصابون اللي بتذكرني بأيام الطفولة;حنين;2016-11-28
499;الرحلة ع وسط السوق مع رفاق الطفولة، الأصوات والروائح كلها ذكريات عالقة;حنين;2020-08-28
500;قريت مع صحابي قصص زمان تحت الشجرة الضخمة، كل كلمة كانت مغامرة جديدة;حنين;2021-07-23
501;ريحة النعناع باللبن، وأحاديث ما بتنتهي مع الجيران، حسيتني رجعت لزمن ثاني;حنين;2019-03-10
502;جلسة ع الرصيف، نلعب ونضحك، وما كان شي يفرقنا غير قلة العمر;حنين;2018-04-03
503;حسيت بعطر الياسمين يلفني من الشباك، كأني رجعت ع بيتنا بالريف;حنين;2016-06-16
504;ريحة العنب والزيتون في موسم الحصاد، ذكرتني بالصيف واللمة الحلوة;حنين;2018-07-28
505;شارعنا القديم صار فاضي، بس قلبي ما نساه، ولا صوت خطانا;حنين;2018-11-20
506;ضحك زمان وألم وحب، كل شي مرق بين هالزقاق وصار حكي عاللسان;حنين;2017-07-30
507;رحت للبيت القديم ولقيت الذاكرة بتفتح أبوابها وحدة وحدة;حنين;2018-05-04
508;حسيت بالدفا من مدفأة البيت، والبرد مش قادر يبلش الدفا إلا بهالذكريات;حنين;2016-08-24
509;ريحة الياسمين بتعطر الذكريات، وكأنو الزمان رجع تاني ماشي ببطء;حنين;2020-10-05
510;شفنا بعض ع المحل القديم، ضحكنا وفكرنا بعمر راحت سنينه;حنين;2018-09-15
511;ريحة الأكل ببيتنا القديم، كأنها بتخبرني قصص ما لازم أنسى;حنين;2021-08-10
512;طلعت ع سطح البيت وشفت النجوم، تذكرت لمّا كنا نعدها سوا من دون هموم;حنين;2016-02-24
513;قعدنا ع الطاولة نشارك لقمة الفرح وذكرى الطفولة الما بتروح;حنين;2019-01-23
514;البلكونة الصغيرة كانت لنا، وأغاني الطيور تحكي حنين الماضي;حنين;2019-06-05
515;رائحة الخبز من الفرن، تلفني بذكريات ما بتترك قلبي لحاله;حنين;2017-02-28
516;شممت الورد اللي بالزقاق، كأنه بيردّ على نداءات القلب القديم;حنين;2017-05-17
517;لعبنا ع الشارع ومشينا ع الرمل، ورجعنا صغار بعالم ما بيكبر;حنين;2019-10-07
518;جلسة تحت شجرة الزيتون، ونسيم الهوا يحكي قصص من زمن فات;حنين;2016-09-01
519;رائحة الطبخ تعطر البيت واللمة بتجمعنا ع الطاولة بكل حب;حنين;2018-09-17
520;رجعت لعند الحارة القديمة، كل حجر فيها بيحكي عن ضحكة أو دمعة;حنين;2016-09-28
521;ضحكنا وضحكنا كأنو الوقت ما مر، والذكريات كانت أحلى من الحلم;حنين;2017-01-05
522;ريحة المي بمجرى النهر، كانت تغني لنا نشيد الطفولة والبراءة;حنين;2018-03-04
523;رجعت على باب الدكان القديم، لقيت صوت البائع يعزف أغنية زمان;حنين;2019-07-31
524;جلسة ع العتبة بتجمعنا، والناس حوالينا كانت أحلى صحبة;حنين;2021-01-11
525;حسيت بروح الأصدقاء ترجع تحوم حواليني وكأني ما تركتهم;حنين;2020-09-28
526;لعبنا لعبة الاختباء، والضحكة كانت أبلغ من ألف كلمة;حنين;2019-07-15
527;بيتنا القديم صار لوحة محفورة بقلبي، ما بتتركه أبدًا;حنين;2021-10-07
528;رائحة الميرمية والزعتر كانت توصلني لعصر جديد من الحنين;حنين;2020-02-23
529;شممت ريحة الكنافة، رجعتني لجلسة العائلة وقت العيد;حنين;2021-01-08
530;جلسة ع الرملة والبحر، تذكرني بليالي الصيف عالشارع;حنين;2017-04-18
531;حمص ومشويات على الطاولة، كل لقمة بتحكي حكاية من الماضي;حنين;2021-03-01
532;تجمعاتنا ع الدار، والضحك ما بينتهي مهما طال الزمن;حنين;2016-07-06
533;رجعت لعند الجسر القديم، وكل خطوة كانت تنسيني تعب الطريق;حنين;2016-04-30
534;ريحة العطر اللي كنت تحبه مخليني أفكر فيه بعد كل غروب;حنين;2019-05-20
535;حسيت بالفرح وقت ما سمعت أغنية كانت تعزفها الريح بالشارع;حنين;2020-05-28
536;جلسة ع البلكونة، والدنيا صايرة تنادي باسمي من بعيد;حنين;2021-06-30
537;طلعنا على سطح البيت نعد النجوم، وكل نجمة كانت ذكرى من العمر;حنين;2016-01-21
538;ريحة التفاح من السوق كانت بتذكرني بصيفنا الحلو;حنين;2019-12-21
539;ضحكنا تاني على قصص الطفولة القديمة، والحياة بساطة وسعادة;حنين;2018-01-14
540;بيتنا القديم صار له حياة تانية بقلبي ما بقدر أنساها;حنين;2017-01-01
541;رجعت ع زقاقنا، لقيت رائحة الياسمين تسهر ع باب الدار;حنين;2016-07-22
542;ريحة الزعتر بالهوا، تذكرني بالصباح مع رفيق الدرب;حنين;2017-04-07
543;لعبنا ع الحارة، والضحكة كانت تجمعنا بقوة ما انكسرنا;حنين;2016-04-25
544;جلسة ع الطاولة، وأكلات أمي بتحكي حكايات من زمن ثاني;حنين;2017-12-17
545;ريحة الخبز من الفرن، بتشعل بقلبي نار الحنين للهوا الدافئ;حنين;2016-10-11
546;رجعت لعند النبع القديم، وصوت المي كان أغنية من القلب;حنين;2020-01-25
547;ضحكنا على أبواب الحارات، والضوء كان يحكي قصة حب وصداقة;حنين;2021-12-11
548;شممت رائحة الزيتون، وكأنها بتهمس لي عن أيام ما بتكرر;حنين;2021-01-14
549;جلسة ع الرصيف، ومن بعيد سمعت صوت رفيقي القديم يناديني;حنين;2017-12-07
550;بيتنا القديم بشوف حالي فيه، كل زاوية بتحكي سر من أيام الطفولة;حنين;2020-12-31
551;ريحة القهوة بتجمعنا ع الصبح، واللمة بتصير أجمل مع كل ناس;حنين;2020-05-02
552;رجعت لعند الحديقة الزغيرة، صحاب الطفولة عم يرجعوا معي للحياة;حنين;2016-05-14
553;ضحكنا ع طاولة العشاء، وطعم الأكلات كان أجمل ما يمكن;حنين;2020-05-23
554;بيتنا القديم ما تغير، بس القلب صار أكبر من قبل من كتر الحنين;حنين;2019-01-02
555;شممت ريحة النعناع بالليل، وكل ذكرى بتصير أجمل لما تتذكرها;حنين;2019-10-07
556;جلسة ع العتبة، والناس الضاحكة معانا كانت بحياتنا كلها لون;حنين;2020-03-24
557;رجعت ع صوت المطر ع الزجاج، كان يغني للطفولة الغابرة;حنين;2016-02-10
558;ريحة الأكلات السورية، بتخليني أعيش أيام ما بتنتهي أبدًا;حنين;2018-05-29
559;ضحكنا ع الطاولة، واللمة ما زالت على قيد الحياة بقلبي;حنين;2018-01-10
560;بيتنا القديم بعيوني مثل الجنة، وكل زاوية فيه بتحكي قصة حب;حنين;2017-09-23
561;شممت عطر الياسمين، وكأنه بيضل يلعب بريحي من زمان;حنين;2018-11-28
562;رجعت لعند الدكان القديم، لقيت ذكريات عم تسولف مع الريح;حنين;2020-07-17
563;جلسة ع الرصيف، وكل كلمة ضحكنا عليها كانت تاريخ بقلوبنا;حنين;2018-01-27
564;ريحة عطر أمي، بتخليني أرجع ع أحضان البيت الدافي;حنين;2019-10-24
565;ضحكنا سوا، وصوتنا رجع يملأ الحي بهجة ما بتفارقنا;حنين;2020-06-09
566;بيتنا القديم ما نسيت، كان حضني وقت الغربة والهجران;حنين;2018-02-08
567;رجعت لعطر الياسمين، كأني عم بشم دفى أيامي القديمة;حنين;2017-06-02
568;جلسة مع الرفاق، وضحكة ما بتخلص رغم مرور السنين;حنين;2019-02-23
569;ريحة الخبز والزعتر، كانت تحملني لعالم من الهنى والسلام;حنين;2021-11-16
570;ضحكنا ع شوارع الحي، والذكريات كانت أصدق رفيقة بالسفر;حنين;2019-10-29
571;بيتنا القديم صار عنوان لحنيتي، وكل زاوية بتحمل قصة حب;حنين;2016-08-17
572;شممت رائحة الورد، وكل مرة بتدق فيها باب قلبي للحب القديم;حنين;2019-08-19
573;رجعت لعند السوق، والأصوات والروائح كلها رجعتني لعالمي الحلو;حنين;2017-04-13
574;جلسة ع الطاولة مع الرفاق، طعم الأكل عطر الذكريات كلها;حنين;2019-08-17
575;ريحة النسيم من بين الأشجار، كانت تحكي لي قصص أبطال زمان;حنين;2020-01-17
576;ضحكنا ع أيام الطفولة، واللمة كانت نغمة ما بتخلص بالعمر;حنين;2017-12-20
577;بيتنا القديم، رائحة الخبز فيه بتصير عطر بالذاكرة ما بينسى;حنين;2020-07-05
578;رجعت لعطر الياسمين، كأني عم بمشي بدرب مليان حكايات;حنين;2016-09-30
579;جلسة ع مدخل البيت، وصوت الجيران كان أحلى ألحان للحياة;حنين;2017-07-20
580;ريحة الشاي بالنعناع، كانت تعيدني لصباحات الطمأنينة والأمان;حنين;2021-02-01
581;ضحك الأصدقاء كان بقلبي، كأنه عمر جديد بلون الحنان;حنين;2020-01-03
582;بيتنا القديم صار جسر بين الماضي والحاضر، وحب لا بينتهي;حنين;2016-05-27
583;شممت رائحة البيت، وكل زاوية بتتذكرنا بحكايات وأمان;حنين;2017-10-06
584;رجعت لعند الحي القديم، كل زاوية بتنادي باسمي وحنيني;حنين;2017-01-09
585;جلسة ع اللكنة، وضحكة الرفاق كانت أصدق كلمة بالحنة;حنين;2018-05-15
586;ريحة الخبز والزعتر، كانت تختصر لي معنى الدفا والهنا;حنين;2021-03-16
587;ضحكنا ع دوران الأيام، والذكريات كانت بشوق ما بيهدا أبدا;حنين;2021-10-27
588;بيتنا القديم، كان حضني وقت الغربة والألم كان بيغيب;حنين;2018-11-20
589;رجعت لعطر الياسمين، بحس بأمي عم حضني من جديد;حنين;2016-04-19
590;جلسة ع العتبة، وصوت الطيور كان أول نغمة يومي الجديد;حنين;2021-08-28
591;ريحة الكنافة بالليل، كانت تحكيلي عن فرحة ما بتنسى بالزمن;حنين;2019-01-26
592;ضحكنا سوا، وقلوبنا كانت تغني للحياة بكل الألوان;حنين;2018-08-10
593;شفت حالي عم أدوّر على باب بيته مفتوح وما بلاقي غير صوت القصف عم يقرّب.;خوف;2013-03-16
594;كنت ماشية بالزقاق والضجة حوالي، ضل عم بسمع صوت انفجار خيالي.;خوف;2013-11-22
595;حلمت حالي واقف ع باب بيتي، بس الدخان مالي السما والسماء سودا.;خوف;2012-12-27
596;شفت إخوتي بيلعبوا بالشارع، فجأة سلطات بتناديهم يهربوا بسرعة.;خوف;2015-08-25
597;كنت عم بجرّي وسط شارع مليان خراب وبيت عم يطيح فوق راسي.;خوف;2011-10-19
598;حلمت أمي عم تناديني والزعر بالغرفة ما خلاني اسمع صوتها.;خوف;2013-09-17
599;شفت طيارة عم تهبط والناس عم تركض مش عارفة وين تحتمي.;خوف;2015-05-19
600;كنت بالشارع والكل عم يركض ووراي أصوات صراخ وبكاء.;خوف;2014-07-20
601;حلمت حالي عم أبكي وبيدي راسي لقتل نار ما عم تخلص.;خوف;2015-11-09
602;شفت أصدقائي عم يودعوني بدون كلام، وعيوني مليانة دموع.;خوف;2012-07-09
603;كنت عم حاول أوصل لعيلتي بس الطرق كلها مسكرة ومليانة غبار.;خوف;2013-12-23
604;حلمت صوت الرشاشات عم يجي من كل الجهات وأنا عم بحاول أختبي.;خوف;2012-04-14
605;شفت سيارة إسعاف ما عم تقدر تمر لأن الشارع مليان حمم.;خوف;2014-02-05
606;كنت جالس بالبيت والباب عم يطلع منه دخان، وما في حدا يحكي معي.;خوف;2016-11-03
607;حلمت طلاب المدرسة عم يهربوا من أصوات الانفجارات ودموعهم بتسيل.;خوف;2014-07-12
608;كنت عم ألمس حيطان بيتي القديمة، فجأة صارت كلها تتفتت بيدي.;خوف;2015-04-08
609;شفت ناس بفراشات ألوانهم غامقين، عم يمشوا بسرعة وما عم يهتموا فيني.;خوف;2013-10-07
610;حلمت نفسي عم بجري من ضابط ما عم يتركني وشهيتي بالأكل راحت.;خوف;2013-09-01
611;كنت بمقبرة جنب بيتي، وكل القبور عم تتحرك والدنيا عم تظلم فجأة.;خوف;2015-08-03
612;شفت طيارات عم تطير فوق راسي وكل صوتها بيخليني أبكي.;خوف;2014-01-24
613;عم أتخبى ورى الحيط، والرصاص عم يطير حوالي.;خوف;2012-10-09
614;بديت أمشي بالشارع والناس كلها خايفة وما عم تحكي.;خوف;2014-10-23
615;شفت ولادي عم يركضوا من الدخان والحيطان عم تنهار.;خوف;2016-04-11
616;لقيت حالي عم أدوّر عأبويا بالزقاق، وما في حدا جنبنا.;خوف;2014-02-04
617;البيت إللي كنا ساكنينه صار خراب، وقلبي عم يوجعني.;خوف;2013-06-04
618;عم حاول أشتري شغلة للبيت، بس المحل مسكر والناس بلا نقود.;خوف;2012-09-21
619;عم أمشي بالليل والاسواق مقفلة، والناس عم تنط من الخوف.;خوف;2016-01-18
620;حلمت رصاصة دخلت بيتي وأنا عم ضمي ولادي.;خوف;2013-08-05
621;طق طق عالباب، وما حدا رد، بس صوت القصف صار أقرب.;خوف;2011-11-15
622;عم شوف صور صحابي يلي تركوا المدينة وما رجعوا.;خوف;2012-05-30
623;صوت انفجار قريب خلاني أوقف قلب قلبي للحظة.;خوف;2016-09-05
624;شفت أمي بتصرخ وعم تحاول تلاقيي وسط الدخان.;خوف;2015-02-07
625;الشارع كان فاضي، بس كنت سامع أصوات خطوات وقلبي عم يدق.;خوف;2016-06-10
626;حلمت إني عم أهرب والولد صغيري ما عم يلحقني.;خوف;2015-04-09
627;عم أدور على أكل بالشارع، بس الناس كلها خايفة أو مش موجودة.;خوف;2013-01-08
628;شفت طفلة عم تبكي لانو ضاعت عن أهلها بالغابة.;خوف;2016-01-26
629;السماء كانت مليانة دخان والنجوم ما بينشافوا.;خوف;2014-09-09
630;وقفت عالسطيح وسط الخراب، عم شوف المدينة يلي كانت منورة، هلأ صارت مظلمة.;خوف;2013-11-18
631;شفت الدخان عم يطلع من ورا الدكان ورجوعي ما عم يجي بسبب القصف.;خوف;2013-10-22
632;سمعت صوت صواريخ حوالي وما قدرت لاقي بيتي ولا أهلي.;خوف;2015-08-31
633;ركضت بالشارع والكل بيصرخ، ما في حدا يوقف معي يساعدني.;خوف;2014-01-11
634;شفت الجيران عم بيهربوا والطرقات مليانة حفر من القنابل.;خوف;2012-11-14
635;وقفت عالباب بانتظار صوت السلام، بس كان صوت الرصاص بس اللي سامعه.;خوف;2012-12-04
636;حلمت إني عم حاول أخبي ولادي من صوت التفجيرات، بس ما في مكان آمن.;خوف;2011-09-15
637;شفت طفلي عم يبكي من الخوف والدموع بتنزل ع وجناته من صوت الانفجارات.;خوف;2016-05-23
638;كنت عم حاول أجمع أغراضي بسرعة، بس كل شي عم يطيح بين إيدي.;خوف;2013-08-25
639;صرت وقفلة كل شبابيك البيت والظلمة تغطي المدينة حوالينا.;خوف;2013-08-10
640;شفت صوت الانفجار جنب البيت، وريحت الدخان ما عم تتركني.;خوف;2013-04-23
641;ركضت من بيت لبيت، بس كل الشوارع مغلقة من جراء القصف.;خوف;2014-05-01
642;حلمت إني عم أمرق طريق مليان عسكر وسلاح، وما بقدر أفتل شي.;خوف;2016-03-21
643;سمعت نداءات استغاثة من بعيد، وما لاقيت حدا يرد علي.;خوف;2013-04-21
644;شفت نسوان وأطفال عم يجروا بالطرقات بلا ملجأ.;خوف;2014-02-26
645;وقفت قدام القبر الصغير يلي نسيت وين حطيت فيه أحبابي.;خوف;2011-08-02
646;كان في صوت طيارة عم تطلع، وجهي صار شاحب من الخوف ما قدرت أتحرك.;خوف;2013-10-01
647;شفت صورة بيتي محروق وكل أشيائي تحت الركام.;خوف;2013-07-10
648;حلمت إني عم حاول أتواصل مع أهلي، بس خطوط الاتصال مقطوعة.;خوف;2012-09-22
649;سمعت صوت انفجار قريب وإيدي بتتعرق من الخوف وما قدرت أتنفس.;خوف;2015-02-12
650;شفت نور طيارة عم تمر بالسماء بس كانت قريبة كتير، قلبي صار يرفرف.;خوف;2016-07-12
651;سمعت صوت دوي كبير ورحت أركض لورا، كل شي حواليي عم يتهشم.;خوف;2011-08-09
652;كنت عم حاول أخبي ولادي بزاوية البيت، بس الرعب كان أكبر مني.;خوف;2014-10-09
653;شفت حالي عم أمشي عالطريق، الكل هربان وأنا لحالي خايف.;خوف;2011-04-27
654;السماء كانت مليانة دخان والسُماء صار لونو أسود، وصوت القصف ما بيوقف.;خوف;2013-05-06
655;شفت الحيطان عم تتكسر وأنا مش قادر أحمي حالي.;خوف;2013-04-05
656;سمعت صوت ولادي ينادوا إلي، بس ما كنت قادر أروح لعندهم.;خوف;2016-10-17
657;كنت عم أخفي وجهي من الناس، خايف حدا يشوفني ويبعتهم.;خوف;2011-01-13
658;شفت حالي عم أهرول بين الشوارع الضيقة، وكل زاوية فيها خطر.;خوف;2014-03-31
659;البيت اللي كنت عايش فيه صار خراب، وأنا عم حاول ألاقي طريق للخروج.;خوف;2016-09-20
660;حلمت انو الشمس غابت فجأة، وصار الظلام عم يخنقني.;خوف;2016-05-13
661;كنت عم أحاول أرجع عالبيت، بس الطريق كان مليان حواجز وخوف.;خوف;2012-08-20
662;شفت رفيقي عم يصرخ وما في حدا عبيسمع له.;خوف;2014-06-12
663;كنت عم أمشي بين الركام، والدخان ما عم يخليني أشوف شي.;خوف;2011-05-21
664;شفت ولدي عم يبكي، وحاولت أحضنه بس إيدي كانت ترتعش.;خوف;2015-09-30
665;شفت وجوه الناس كلها خايفة، والبيوت عم تسقط قدام عيوني.;خوف;2015-05-27
666;كنت عم أختبئ بين الأشجار، وكل دقيقة بتمر كانت بتزيد خوفي.;خوف;2015-11-28
667;شفت حالي عم أرقب البحر، بس الموج كان عالي وعم بيهددني.;خوف;2016-01-18
668;شعرت بحالي وحيد، والمدينة اللي كنت فيها صارت غريبة وما في أمان.;خوف;2014-05-07
669;شفت طيارة عم تطلع دخان فوق القرية وكل الناس عم تركض تخبى.;خوف;2013-03-29
670;سمعت صوت القصف مل يكسر قلبي وأنا عم حاول أخبّي ولادي تحت البساط.;خوف;2014-05-13
671;شفت الطريق مليان حفر، وعم أمشي وما في طريق آمن لأرجع عالبيت.;خوف;2013-09-18
672;لقيت نفسي عم اختبئ وقلبي عم يدق بسرعة من صوت الطيارات فوق راسي.;خوف;2014-12-10
673;عيني كانت مفتوحة بس ما عم شوف غير الظلام والخراب حواليني.;خوف;2013-01-01
674;شفت حالي عم أدفع عربة صغيرة مليانة أغراض وكلها مكسورة.;خوف;2011-03-12
675;عيوني عم تدمع وأنا بسمع صوت إطلاق نار جنب بيتي.;خوف;2013-06-05
676;رأيت أمّي عم تحكي مع شخص مجهول وأنا خايف ما يرن صوتها تاني.;خوف;2011-12-15
677;شفت ولدي عم يبكي وما عم أقدر إلحقله وسط الزحمة.;خوف;2014-10-05
678;كنت عم أمشي بالشارع والناس عم يركضوا وما حدا بيعرف وين رح نروح.;خوف;2016-09-26
679;شفت دخان عم يطلع من البيوت وريحة الحروق عم تغطي المدينة.;خوف;2013-01-12
680;شفت نفسي واقف على ناصية وما في سيارات ولا ناس، كله هادي وصمت مخيف.;خوف;2013-07-15
681;كان في نفق مظلم وأنا عم أمشي فيه وما بعرف إذا في مخرج.;خوف;2012-08-20
682;لقيت نفسي عم أحاول أفتح باب بيتي بس الباب مسدود ومخلع.;خوف;2012-06-26
683;شفت ولاد الحارة عم يختفو واحد ورا التاني وأنا بدي أصرخ ما في صوت.;خوف;2013-02-25
684;"رأيت أبوي عم يختبئ وعم يقلي ""لا تطلع، القصف قريب"".";خوف;2012-04-19
685;كنت عم أحكي مع جيراني بس كل واحد خاف وما بدي يطلّع صوتو.;خوف;2013-11-25
686;في الحلم عم أسمع صوت ضربات القلب بسرعة وعم حس بخوف ما بقدر أوصفه.;خوف;2012-05-28
687;شفت حالي بلبس نظارات غبار ومطر، وما بشوف إلا رماد ودمار حوالي.;خوف;2011-04-05
688;ركضت بالليل وأنا سامع صوت القذائف عم بتقرب من البيت.;خوف;2011-02-04
689;حلمت إني عم دور ععيلة ضايعين بالطرقات المظلمة وما في حدا يجاوبني.;خوف;2013-07-17
690;شفت حالي عالجبل وراي الطيارات عم بتنزل قنابل، وما في مكان ألجأ فيه.;خوف;2012-09-18
691;كنت عم حاول أعبي جركن مي تحت شمس حارقة، بس الصوت يلي وراي عم يقرّب أكتر.;خوف;2014-02-01
692;عم أمشي بالشارع والناس عم تهرب، وقلبي عم ينبض بسرعة من الخوف.;خوف;2012-01-19
693;حلمت إني عالبيت والحيطان عم تتشقّق مع كل دقة قذيفة.;خوف;2015-03-13
694;ركبت عالطيارة بدون أهل وبديت أبكي من البعد والخوف.;خوف;2014-05-26
695;شفت سيارتي وهي محروقة، وكنت واقف حاطط إيدي عقلبي من الخوف.;خوف;2014-11-24
696;صوت الرصاص صار أقرب وصارخ، وما في مكان أقدر أختبئ فيه.;خوف;2016-11-16
697;حلمت إني عم حاول أوصل لمستشفى بس الطرق مقطوعة والقصف عم يزداد.;خوف;2013-08-26
698;شفت ولادي عم يلعبوا بس فجأة الدنيا صارت دخان وأصوات انفجارات حواليهم.;خوف;2011-05-04
699;ركضت بالليل بكل حالي ومحل ما بروح فيني ألقى أمان.;خوف;2014-05-22
700;حلمت إني عم أمشي على أنقاض بيتنا والخيبة عالوجهي.;خوف;2013-05-31
701;القذيفة وقعت جنبنا وصرخت من الخوف وأنا ما بعرف وين أروح.;خوف;2011-02-13
702;شفت إني عم أحمل حقيبة صغيرة وبدي أهرب من المكان يلي عرفت إنو ما بيأمن.;خوف;2015-05-02
703;سمعت صوت إطلاق نار من كل جهة، وقلبي عم ينكسر من الخوف على أهلي.;خوف;2016-05-01
704;رأيت الناس عم تهرب وبتترك بيوتها، وأنا واقف ما بعرف وين أروح.;خوف;2014-05-31
705;بين القصف والصراخ، حسيت حالي ضايع وما في شي بيقدر يحميني.;خوف;2013-04-22
706;كنت أعانق جدار البيت وأسأل الله يحفظنا من الموت قريب.;خوف;2012-02-10
707;شفت أصوات الطيارات عم تعلى والكل عم يركض ويلوّش عن مخبأ.;خوف;2015-04-18
708;صرت أحاول أخلّي ولادي يفهموا ليش ما في ألعاب ولا ضحك بالحي.;خوف;2011-11-29
709;شفت الجيران عم يخبوا قنابل بين الركام، وقلبي عم يدق بسرعة.;خوف;2014-09-23
710;ركضت بالشارع والبيوت عم تنهار من صوت القصف، وما في حدا ينادي.;خوف;2015-06-01
711;حلمت حالي عم إركض وأنا شايل حقيبتي وبابي عم يناديني من بعيد.;خوف;2011-09-05
712;شفت أمي بتصرخ مني، بس ما كان في صوت غير صوت الانفجارات.;خوف;2014-11-09
713;عم بلحق ع أختي الصغيرة والدموع تنزل ع خدي، وما في حدا يساعدنا.;خوف;2013-03-11
714;حلمت إنو ارتفع الدخان ع السماء والناس عم تختبئ ببيوتهم بدون أمل.;خوف;2011-02-10
715;شفت نفسي عم أركض وسط الليل والطرقات مهجورة والظلام خيم.;خوف;2014-10-30
716;صرت مغمض وقلبي يرفرف من صوت الرصاص القريب ومن كل مكان.;خوف;2015-12-05
717;شفت ولادي عم يبكوا واحنا ما فينا نطلع من بيتنا المكسور.;خوف;2016-12-07
718;ركضت مع الجيران ع نبع ماء بعيد، بس الخوف كان ملازمنا.;خوف;2011-01-23
719;شفت الناس عم يهربوا عالطرقات والكل عم يصرخ من الخوف.;خوف;2014-10-31
720;حلمت إني واقف ع بلكونة بيتنا والمدينة كلها مدخنة والقلب مليان وجع.;خوف;2014-01-08
721;شفت نفسي عم أخفي وجهي ورائي من الطيارات يلي عم تغطي السماء.;خوف;2015-03-26
722;صرت أسمع صراخ الناس والمنازل عم تنهار حوالي، وما في حدا يرد.;خوف;2011-05-13
723;حلمت إني بدي أركض بس رجلي عم تتعثر بالركام والدموع علي.;خوف;2016-06-04
724;شفت أهل الحي عم يختبئوا بزاوية صغيرة، والخوف عالم وجوههم.;خوف;2013-10-22
725;ركضت أدوّر على طريقي بليل طويل وما في غير صوت الانفجارات.;خوف;2011-07-17
726;كنت عم أمشي بالليل والشارع كله صمت، فجأة سمعت صوت قصف قريب وصرت أركض بلا هدف.;خوف;2012-02-25
727;شفت أطفالي مختفين بين الركام، وقلبي عم يصرخ وما في حدا سامعني.;خوف;2012-12-23
728;حلمت بباب بيتنا مكسور، والريح عم تدخل من كل ناحية وأنا خايف أدخله.;خوف;2012-03-02
729;وقفنا قدام الجامع كله خراب، وكل الناس عم يهربوا وأنا مش قادر أترك أمي لوحدها.;خوف;2016-03-31
730;عم أمشي بحيّنا القديم، بس كل شيء تغير وما في مكان ألقى فيه طمأنينة.;خوف;2016-10-20
731;سمعت صوت انفجار قوي، وقلبي وقف للحظة، وصرت أركض بلا ما أعرف وين.;خوف;2014-08-14
732;حلمت إني بدي أزور صديقي بالمشفى، بس الطرق كلها مسدودة وممنوع المرور.;خوف;2013-11-17
733;صرت أصرخ بصوت عالي، بس ما حدا سمعني لأن كل الناس مختبئين من الخوف.;خوف;2015-08-31
734;شفت راسي غارق بالدم، وما عم أعرف إذا أنا حي أو ميت وسط الهلع.;خوف;2014-07-26
735;صوت الأطفال يبكوا حواليني، وما في مكان آمن حتى للضحك.;خوف;2016-12-29
736;كنت بجسدي صغير عم حاول أوصل لباب البيت، بس ما في طريق واضح وسط الركام.;خوف;2011-05-23
737;حلمت بالانفجار صار جنب بيتنا، وكل الناس صاروا يصرخوا وأنا مش قادر أساعد حدا.;خوف;2013-01-13
738;عم امشي بأزقّة مدينتي اللي ما بقت غير أطلال، وكل شي حوالي دمرني.;خوف;2015-10-19
739;صوت القصف ما عم يوقف وأنا عم أحاول أخبي ورا الجدار، قلبي عم ينبض بسرعة.;خوف;2011-03-19
740;شفت أمي عم تطلب مني ما أطلع برا البيت، بس الخوف كان كابوس ما بنتهى.;خوف;2016-02-15
741;راحت أصدقائي بالجو، وأنا عم حاول أحمي عيلتي من الظلام والبرد.;خوف;2016-08-29
742;كنت أغطي راسي من الغبار والرماد، وقلبي عم يدق خوف من الغد.;خوف;2012-03-07
743;شفت بيتنا من بعيد محروق، وصوت أمي بينادي من قلب الركام.;خوف;2013-06-12
744;كنت عم أركض بملابس مبلولة وأنا شفت النار عم توصل لكلشي حوالي.;خوف;2011-02-24
745;شفت باب الدكان مقفّل ومكتوب عليه رايح على بلاد بعيدة، وأنا واقف ما عندي غير حقيبتي الصغيرة.;هجرة;2016-02-09
746;كنت عم بمشي عالطريق الطويل، كل الناس حواليني عم تودع بعضها، وأنا بدي أطلع عالطائرة وما بعرف إذا رح شوفهم تاني.;هجرة;2015-11-14
747;حلمت إني قاعد على شط البحر، والأمواج عم تقبل رجلي، وبالوقت يلي فاتني حسيت بالبرد والرطوبة.;هجرة;2014-07-19
748;في الحلم، كنت ع الشارع أدوّر ع بيتنا القديم، بس كل شي تغيّر وصار غريب ما بعرفه.;هجرة;2016-03-10
749;"حلمت إني بشتكي لصديقي عن التعب والوجع، وهو قال لي: ""هيدي حياتنا الحقيقية، ما في مهرب منها.""";هجرة;2017-07-22
750;كنت عم بحاول أحزم حقيبة صغيرة، بس كل ما حطيت شي، رجعت وتأنيت، والخوف كان يملأ قلبي.;هجرة;2013-02-12
751;رأيت إني بطلع عالجرّار مع أهلي، وأنا عم أبكي، بس ما كنت قادر أوقف.;هجرة;2015-07-12
752;شفت الحيطان عم تنهار حوالي، وأنا عم بلحق أخد أغراضي وأطلع من البيت.;هجرة;2014-10-14
753;حلمت إني عم أسبح بالبحر الطويل، بس الموج كان عالي كتير، وما في حدا جنبي.;هجرة;2014-02-28
754;كنت ع محلتي القديمة، والناس عم تودع بعض، وأنا قلبي موجوع وما قادر قول كلمة وداع.;هجرة;2012-03-01
755;شفت ولادي عم بيلعبوا عحدود القرية، وأنا وراهم عم أدفهم عالسفر.;هجرة;2013-09-23
756;كنت عم أمشي وسط غربة كبيرة، والناس حوالي بلا وجوه، كأنهم أشباح.;هجرة;2013-11-26
757;حلمت إني عالطائرة، والسماء مظلمة، بس نور صغير بيبين قدامي.;هجرة;2015-04-28
758;رأيت بيتنا القديم، بس ما في حدا جوا، كل شي مهجور وصامت.;هجرة;2012-12-16
759;كنت عم أفتح كتاب ذكرياتنا، والصفحات منها بتطير مع الريح.;هجرة;2013-02-13
760;حلمت إني عم أحكي مع أمي، بس صوتها بعيد وما عم بسمعها منيح.;هجرة;2015-09-10
761;شفت نفسي عم أمشي بالليل، والمدينة حوالي مظلمة وكأنها ناسية.;هجرة;2014-06-18
762;رأيت قهوة الحي القديمة، بس الكراسي فاضية والناس ما عم تجي.;هجرة;2017-03-25
763;كنت عم أحاول أركب باص السفر، بس الناس كثيرة والباب مغلق.;هجرة;2014-02-24
764;شفت حالي عم لف عالتراب وبحمل شنطة صغيرة، وبعرف إنه لازم روح بعيد عشان آمن.;هجرة;2017-07-24
765;حلمت إني عم طير فوق الجبال والبحر، بس الريح عم تزعق وما بتسمحلي أكمل.;هجرة;2013-01-10
766;كنت عالطريق مع عيلتي والشتا عم ينزل، والسيارة خربت وبديت أمشي لوحدي.;هجرة;2013-09-19
767;شفت بحري وغربة، وكل الناس حواليه عم يختفوا وحدي بضلّ.;هجرة;2017-03-20
768;كنت عم بحاول عبور نهر عميق والميّ كانت باردة، وقلبي عم يدق بسرعة من الخوف.;هجرة;2014-09-23
769;رأيت نفسي عم بقعد عالحدود، والبرد عم يلسع وجهي وما في حدا جنبي.;هجرة;2017-07-23
770;كنت عم بحمل شنطة معايا وفيها صور قديمة للعيلة، بس الطريق كان ضباب.;هجرة;2017-10-09
771;شفت البحر ورحت أغوص، بس المي عم تعلّق قلبي وما عم طلع.;هجرة;2016-01-03
772;كنت عم ألعب مع ولادي بصحن صغير، بس فجأة صاروا بعيدين ما فيهم يلمسوني.;هجرة;2017-09-07
773;رأيت الشوارع اللي عرفت فيها، بس كانت كلها مبنية من تراب وركام.;هجرة;2016-09-19
774;شفتني عم بركض مع ولادي بالليل، وراي صوت طيارات عم تقصف بعيد.;هجرة;2016-07-23
775;كنت عم بحاول أفتح باب بيتنا القديم، بس المفتاح وقع بالميّ.;هجرة;2017-06-05
776;رأيت قوافل الناس عم تمشي عالطريق الطويل، وأنا بيناتهم بلا عنوان.;هجرة;2017-03-03
777;شفت نفسي عم غادر بيتنا، بس كل خطوة بتبعدني أكتر عن أمي.;هجرة;2016-03-20
778;كنت عم بحكي مع جيراني عالشارع، بس وجوههم كانت ضباب على الزجاج.;هجرة;2017-05-04
779;شفت قارب صغير عم يحملنا عبر البحر، والنجوم كانت بتغني لينا بصمت.;هجرة;2016-10-06
780;كنت عم أجرّ شنطتي الثقيلة عالشارع الطيني، وصوت ضربات قلبي كان أكبر من خطواتي.;هجرة;2015-08-09
781;رأيت السوق القديم يلي كنا نشتري منه، بس كان كله خراب وصمت.;هجرة;2016-05-22
782;شفت شخصيتي عم بتودع أمها، والدموع ما بتوقف والرمل بيغطي الأرض.;هجرة;2016-12-14
783;كنت حامل شنطتي عالباص، بس ما لقيت حدا يسألني وين رايح، وكل الناس متل ما هني مضطربين.;هجرة;2017-01-06
784;شفت قارب صغير عم يضل يعوم معي بالبحر، بس الموج عالي والبرد قاسي، وما في حدا يرد عليّ.;هجرة;2015-09-24
785;كنت بمطار غريب، والناس عم يودعوا بعض، وأنا واقف وحيد مش عارف وين رح أروح.;هجرة;2013-05-05
786;ركضت بالشارع وشفت وجوه ناس عرفتهم من زمان، بس كانوا تاهيين متلّي، وكلنا هاربين من شي ما بنعرفه.;هجرة;2012-01-17
787;شفت أمي عم تعد الشنطة، ووجهي عم يدمع، بس قبل ما أودعها صحيت.;هجرة;2014-08-13
788;كنت أمشي بين الجبال، وراي صوت أطفال عم ينادوني، بس ما كنت قادر ألحق عليهم.;هجرة;2014-05-24
789;شفت فجأة البيت اللي كنا ساكنينه طايح، وكنت عم حاول طلع شي من تحت الركام.;هجرة;2012-05-13
790;وقفت على باب بيتنا القديم، بس الباب كان مسكر من جوة، وما حدا رد علي.;هجرة;2016-05-13
791;كنت ماسك إيد أخوي الصغير، وعم نحاول نوصل عشو ماشين بشوارع ما فيها نور.;هجرة;2013-08-20
792;شفتني واقف عشاطئ البحر، والبحر هادي، بس كل ما ركبت الموج مرتفع، ورجعت للبيروت القديم.;هجرة;2014-11-01
793;كنت كل يوم بجمع أشيائي بالبطيء، وكأنو هجرة عمرها ما تخلص.;هجرة;2017-01-05
794;شفت نفسي عالسيارة، عم دور على طريق مش معروف بالخرائط.;هجرة;2013-10-28
795;كنت أقف بساحة كبيرة، والناس عم تدوس على بعض وبتصرخ، وأنا مش قادر أساعد.;هجرة;2014-10-05
796;شفت رجلي عافية، بس قلبي كان خايف يترك أهله ووراه كل هالوجع.;هجرة;2012-02-08
797;كنت عم أحكي مع بابا عبر الهاتف، بس الصوت كان ضعيف، وكأنه بعيد كتير.;هجرة;2015-02-27
798;شفت قطار عم يمشي بسرعة، وأنا ما فيني أطلع حتى أختم تذكرتي.;هجرة;2012-06-03
799;ركبت طيارة، بس النافذة كانت سواد، وما فيني شوف إلا الظلمة.;هجرة;2013-04-25
800;كنت أمشي بالشتا، والملح من البحر عم يلطخ وجهي، ورجعي ماشي عالطريق الطويل.;هجرة;2014-05-28
801;شفت قريتنا من فوق، كلها دخان وأنقاض، وأنا عم أصرخ باسمها، بس ما حدا سمعني.;هجرة;2014-09-27
802;شفت قارب صغير عم يغرق وأنا عم حاول أوصل له عشان أنقذ حالي.;هجرة;2016-01-10
803;كنت عم حزم شنطتي بسرعة والبحر عم يعتي بطرف الشارع.;هجرة;2013-11-15
804;ركبت الباص مع الغربة والدموع نازلة عالخد، ما بعرف متى برجع عالدار.;هجرة;2016-04-29
805;طلعت على السفينة والوجوه كلها خايفة، والبحر عم يلعن اللي بيهربوا.;هجرة;2017-06-26
806;سمعت صوت الرصاص من بعيد وأنا عالطريق عالحدود.;هجرة;2012-10-20
807;شفت عيلتي عم ودعوني من الشباك وقلبي مكسور.;هجرة;2013-02-14
808;بحلم إني عم أمشي عمار الطريق وجسمي تعب من الوداع.;هجرة;2014-09-26
809;وقفنا عالبحر والليل طويل، والنجوم مش عم تضيء لنا درب.;هجرة;2016-10-05
810;شفت المهاجرين عم يجروا ورا حلمهم، وأنا معهم بقلب متوتر.;هجرة;2015-06-21
811;بطلت أعرف وجهي وسط وجوه الغربة والقلق.;هجرة;2016-07-28
812;الريح شالت صوت أمي وهي تنادي عليّ من بعيد.;هجرة;2017-05-23
813;حلمت إني عم أفتش عالأوراق الضايعة ورجعتي لمنزل مهجور.;هجرة;2013-10-06
814;رأيت البحر هادي بس وجهي غرقان بالدموع، والشتا عم يعصرني.;هجرة;2012-09-10
815;طلعت عالجبل من غير ما رجع، بس طياري كان مكسور.;هجرة;2014-04-07
816;كنت عم أعطي دروس لأولادي عبر شاشة صغيرة وأنا بعيد عنهم.;هجرة;2013-03-16
817;شفت حريق بقلبي لما ودعت المدينة وما عاد فيني أرجع.;هجرة;2013-05-02
818;شفت قوارب صغيرة عم تلوح بإيدي وأنا عم بغوص بغربتي.;هجرة;2013-04-20
819;طلع عيني عالسماء وأنا بدعي الرحمة والعودة.;هجرة;2014-10-08
820;رأيت طيور عم تطير لبعيد وأنا متلها محاصر بين بحر وهوا.;هجرة;2015-08-26
821;شفت الدروب كلها مليانة أمتعة وأنا عم بحاول لاقي طريق برّا المدينة;هجرة;2015-06-10
822;حلمت إنو عيلتي جالسين عالبحر، بس المي كانت مالحة وحزينة متل قلبي;هجرة;2015-11-28
823;رحت على السوق وشفت المحلات مسكرة، والناس عم تركض ومحدن بيوقف;هجرة;2015-04-15
824;شفتني بحمّال شنط عالباص، والطرقات مليانة سيارات مسروقة ومهجورة;هجرة;2014-03-10
825;كان عيوني عم تبكي بس ما حدا شايفني وأنا عم أقلع من الدار;هجرة;2013-07-26
826;حلمت إني عم أغسل وجهي بموية النهر، بس المي كانت تاخدني بعيد عن البيت;هجرة;2017-06-26
827;شفت الحي القديم خاوي، والناس مهجرين بدنيّا غير هالغربة;هجرة;2015-09-13
828;رحت على المدرسة، بس الصفوف كانت فاضية والكرّاسات مفقودة;هجرة;2012-12-26
829;شفتني حامل شنطة صغيرة عم بمشي على طريق مش معروف، والسماء ليل طويل;هجرة;2012-12-20
830;كنت عم بسأل الناس عن طريق الهجرة، بس الكل عم يهرب أو ما بيعرف يرد;هجرة;2017-10-19
831;حلمت إني بلعب مع ولادي بالشارع، بس الجدران كلها عليها طلقات وبطّيات;هجرة;2012-09-03
832;رأيت نفسي بحضن أمي، بس الحنان كان بعيد مثل غربة قاسية على القلب;هجرة;2013-12-11
833;شفت البحر هادئ، بس كل مرة حاولت أقرب، الموجة بتبعدني أكتر وأكتر;هجرة;2016-11-20
834;كنت عم بجمع صور وأغراض صغيرة قبل ما أغادر، بس الأرض كانت تتزلّق من تحت رجلي;هجرة;2015-05-09
835;حلمت إني عم أكتب رسالة لصحاب زمان، بس الورقة كانت تتقطع باليد;هجرة;2017-09-21
836;شفتني عم عبور جسر مهجور، والريح عم تعصف بكل الأماني;هجرة;2015-08-05
837;كنت عم حاول اتصل بأهلي، بس التليفون مسكر وما في إشارة;هجرة;2016-01-03
838;رأيتني عم بفتّش عن بيت جديد، بس كل البيوت محروقة والناس راحوا;هجرة;2014-08-06
839;حلمت إني عائد عالدار ساعة الفجر، بس الطريق كان مليان حفر وعثرات;هجرة;2012-12-29
840;ركبت سيارة ماشية بالتراب، والدموع ما فارقت عيوني وأنا عم أغادر الديرة.;هجرة;2013-11-04
841;شفت عيوني عم ألوح لجدار البيت وأنا ماشي بعيد، والريح عم تجر شعر أمي.;هجرة;2016-03-25
842;وقفت جنب الشجرة القديمة وبيدي قطفنا التفاح، بس الشجرة ما كانت مثل قبل.;هجرة;2017-01-07
843;سمعت صوت رصاص جنب البيوت وقلبي عم ينبض بسرعة، بس ما قدرت أتحرك.;هجرة;2017-06-13
844;طرت فوق الأوطان وشفت الحارات عم تصغر وبتضل تدور، وأنا ماشي بالظلام.;هجرة;2013-11-10
845;شفت البحر قدامي واسع، ورجلي عم تبلل بالرمل الدافي، بس الموج كان عالي.;هجرة;2015-02-24
846;مشى معي الوالد على الطريق الطويل، بس بعد شوي وقع وملقاهش جنبي.;هجرة;2012-01-23
847;وقفت على باب البيت القديم وبيدي بصت على النافذة، ما حدا رد علي.;هجرة;2013-05-02
848;حلمت إني بحمل شنطة صغيرة وأغادر بيتي، بس قلبي كان بيتقطع وأنا أمشي.;هجرة;2017-11-02
849;رحت السوق القديم وشفت الوجوه الغريبة بدل أهل المدينة، حسيت بحزن كبير.;هجرة;2016-09-17
850;شافوني قاعدين على الصخر، وبعيد عن الدكان والناس، وحكولي لا ترجعوا.;هجرة;2017-11-25
851;سمعت صوت أمي بتنادي اسمي، بس لما ناديتها ما جا جواب.;هجرة;2015-05-02
852;شفت الدروب اللي كنت ألعب فيها صغيرة كلها مغطية بالغبار، وما في لعب.;هجرة;2012-01-30
853;مشيت بين الناس الغريبة واللغة ما كانت مفهومة، وحسيت بالوحدة والبرد.;هجرة;2012-03-04
854;شفت عيالي عم يلعبوا بساحة جديدة، والنور كان عم يلمع عيونهن.;هجرة;2012-05-20
855;رجعت على البيت، بس كل شي كان مختلف، والصوت الوحيد كان صدى خطواتي.;هجرة;2014-09-29
856;شفت الطيارة من فوق وأنا بحاول ألمس السما، بس الريح كانت قوية.;هجرة;2016-03-21
857;وقفت عند النبع اللي كنا نشرب منه، بس المي ما كانت مثل أيام زمان.;هجرة;2015-07-24
858;حلمت إني برجع للبيت بعد غربة طويلة، والقلب مليان بالفرح والدموع.;هجرة;2017-11-09
859;شفت حالي عم أمشي بين الركام والدوام عطلان وما في غير صوت الطيارات;هجرة;2013-10-18
860;حلمت إني عم بحزم شنطتي وبودع جيراني بدمعة ما عم تفارق عيوني;هجرة;2014-11-27
861;كنت عم دور على ورقة سفر بين أشياء متلخبطة بغرفة مظلمة وما بلاقيها;هجرة;2013-12-06
862;شفت البحر قدامي كبير وما في مرفأ بس كانت عيوني عم تبكي من الخوف;هجرة;2014-08-16
863;حلمت إني بركب باخرة مع ناس غريبين والوجوه كلها تعبانة من السفر;هجرة;2012-10-06
864;كنت أمشي على طريق طويل وما في حد حوالي، بس صوت أمي بيناديني من بعيد;هجرة;2012-03-19
865;حلمت إنو شقيقي المسافر رجع لحضني بس فاقيت لقيته بعالم ثاني;هجرة;2014-05-12
866;شفتني عم بحمل شنطتي وعيلتي صامتة، والشارع مملوء بالأنقاض والألم;هجرة;2013-11-13
867;كنت عم أوصل عالحدود ومش قادر أتنفس من زحمة الناس والرصاص حوالي;هجرة;2013-04-23
868;حلمت إني عم أجري مع ولادي بحديقة صغيرة، بس فجأة الطيارات دغت السما;هجرة;2014-01-03
869;كنت على شاطئ البحر والمي بردة، بس قلب عمي مش قادر يبرد من الحزن;هجرة;2013-02-23
870;حلمت إنو بابنا القديم مكسور، بس جيراني عم يساعدوني نبنيه من جديد;هجرة;2013-05-03
871;شفتني عم أسأل الناس عن طريق لمستقبل أحسن، بس ما حدا بيعرف الطريق;هجرة;2012-04-12
872;كنت بحاول أودع مدينتي، بس كل شارع بحكي قصة ما بدي أتركها;هجرة;2013-03-27
873;حلمت إني عم احكي مع أمي عن أيام قبل الحرب، ودموعها بتنزل عالوساد;هجرة;2016-03-02
874;شفتني بوسط سوق خاوي، والناس رحلوا وكل شي صار ذكرى قديمة;هجرة;2013-01-02
875;كنت عم ألمس صور ولادي اللي تركتهم ورا، وقلبي عم ينجرح من البُعد;هجرة;2017-03-25
876;حلمت إنو في بلدي السلام رجع وكل الناس عم تغني فرحانين بالشارع;هجرة;2017-08-30
877;شفتني عم أخيط جرح على قلبي بحلم أرجع لعيلتي وأرضي الحلوة;هجرة;2012-05-01
878;لقيت حالي عم بحزم شنطتي تحت ضوء خافت قبل ما أطلع على الباص للسفر لبرا.;هجرة;2014-06-17
879;شفت حالي عم أمشي بين ناس ما بعرفهم وكل واحد حامل وجعه معه.;هجرة;2016-09-23
880;حلمت إني عم قعد عالطريق لحد ما الباص وصل وجايبني لعالم جديد.;هجرة;2016-05-09
881;لقيت حال العيلة كلها عم تودعني والعيون مليانة دموع.;هجرة;2015-08-30
882;شفت نفسي عم حمّل الشنطة وأنا عم أسمع دوي الانفجارات قريب.;هجرة;2012-06-07
883;كنت عم أغادر البيت ببطء وما في شي بيوقفني، بس قلبي عم ينبض من الخوف.;هجرة;2015-10-26
884;حلمت البحر كبير وما الون نهايته، وأنا عم حاول أوصل للبر مع أولادي.;هجرة;2012-08-12
885;لقيت نفسي عم أسبح ضد موج قوي وما في حدا يساعدني.;هجرة;2015-07-15
886;شفت الطريق طويل والجو ضباب، وكل خطوة بتمر فيها بخاف من المجهول.;هجرة;2012-09-14
887;كنت واقف عالحدود وأنظر ورا لبلد ما عاد فيه سلام.;هجرة;2017-11-09
888;حلمت إني عم أحكي مع أمي عالتلفون والدموع ما عم توقفني.;هجرة;2014-05-18
889;لقيت نفسي عم أمشي بالليل والبرد يقص أعصابي، بس لازم أكمل.;هجرة;2017-08-13
890;شفت قافلة من الناس عم تمشي بلا كلام، بس عيونهم تحكي عن وجع ما بينوصف.;هجرة;2012-11-29
891;كنت حامل جواز السفر بيدي وأحاول أفتحه بس الأوراق بلشت تهرب مني.;هجرة;2016-10-02
892;حلمت إني عم أجرّب أفتش بيتنا بعد ما تركناه من زمان وما لقيت شي.;هجرة;2017-08-19
893;لقيت نفسي بحلم البحر هادي، بس صحيت لقيت نفسي لسا عالبرد بالهرب.;هجرة;2013-10-05
894;شفت وجوه أولادي عم تبكي بس ما بيفهموا ليش لازم نغادر.;هجرة;2014-06-13
895;كنت عم ألبس كرافتي ومشيت عالطريق وخطي ما بتوقف رغم التعب.;هجرة;2014-01-13
896;حلمت إنو بيوتنا القديمة صارت رماد، وأنا واقف وسط الدمار بيدور على الأمل.;هجرة;2012-12-01
897;شميت صوت دق الباب القديم يلي ما حدا عم يطرق عليه من زمان.;حنين;2020-10-15
898;رجعت أمشي بحارات بحكيها زمان، والناس بتحكي عن أيام خلتها بقلوبها.;حنين;2019-11-23
899;حلمت إني جالس جنب عين مي بحكي مع صحابي عن زمان والدنيا كانت بخير.;حنين;2018-02-13
900;لما فتحت عيوني لقيت رائحة قهوة أمي عم تفوح من المطبخ القديم.;حنين;2020-11-11
901;رأيت حالي عم بكتب رسالة سلام لأهلي، بس الورقة كانت مش معاي.;حنين;2017-06-14
902;حلمت إنو عم تلعب عيلتي بالدوار الصغيرة وفجأة صار الدكان مفتوح.;حنين;2021-07-12
903;رجعت أسمع ضحك الأطفال من الشارع اللي كنا نلعب فيه لما كنا صغار.;حنين;2019-04-22
904;شفت نور الشمس عم يدخل من شباك الغرفة يلي كنت أنام فيها بحصن قديم.;حنين;2019-02-14
905;جت لعندي صورة من أيام المدرسة، والكل ضحك وبسمة ما فارقت وجوههم.;حنين;2019-08-09
906;شميت ريحة المطر عم تنزل على الأرض المبلولة بالتراب القديم.;حنين;2019-09-10
907;حلمت إني قاعدة مع أمي بالجنينة، وبنزرع وردة بتفتح قدام عيوني.;حنين;2016-03-19
908;رجعت أسمع صوت العصافير بنغنّي فجر جديد بعيد عن همومنا.;حنين;2019-09-09
909;حلمت إنو باب الدكان يلي كان قافل صار مفتوح، والناس رجعت إلها.;حنين;2020-08-01
910;شفت صورة أبي بطل العيلة عم يبتسم من بعيد، وحضن دافي بيطلع من وسط الضباب.;حنين;2021-11-20
911;رأيت أمي عم تعجن الخبز، والبيت كله معطر بريحة الطحين والحناء.;حنين;2016-10-22
912;جلست مع أصحابي بالساحة، وضحكنا على قصص زمان قبل ما تغيب الشمس.;حنين;2017-12-18
913;حلمت إنو رجعت عالبيت بعد سفر طويل، وكل شي بهالديرة صار أحلى.;حنين;2017-12-27
914;شميت رائحة الياسمين يلي زرعتها أمي وابتدى الليل يهمس بأغاني الطفولة.;حنين;2017-04-24
915;رجعت أمشي بشوارع الحارة القديمة، والقلوب مليانة شوق للقاء قريب.;حنين;2020-08-24
916;رأيت نبع المي جنب بيتنا القديم، وبعدين روحي رجعت عشارعنا المليان ريحة الخبز والدخان.;حنين;2017-11-17
917;حلمت إني قاعد عالسطح مع رفقاتي، وكلنا عم نحكي عن أيام المدرسة قبل الحرب.;حنين;2021-04-01
918;شفت حالي بمزرعة عمي بالريف، والشمس دافية وطيور الغروب عم تغني.;حنين;2018-03-26
919;كنت ماشي ساحة المياسي، والناس بتضحك وبتتبَّاع الخبز عالكرم.;حنين;2019-10-27
920;رأيت بيت الجدي قدامي، وريحة القهوة المرة عادت تسكرني.;حنين;2021-11-29
921;حلمت إنو رجعت عالمدينة، والناس بتشتري الخضار من السوق بحالة سلام.;حنين;2017-05-28
922;شفت أمي عم تغسل جدران البيت القديم، وبايدها الطيبة مع كل لمسة.;حنين;2018-08-18
923;كنت قاعد عالمدرسة، وأصحابي عم يشاركوني أقلام الرصاص والدفاتر الجديدة.;حنين;2016-08-30
924;شفت شارعنا القديم كله أضواء، والضحك عم يسمع من كل زقاق.;حنين;2017-09-23
925;رأيت سقف غرفتي مغطى بغيمات الربيع، وريحة الياسمين تغمّق بالهوى.;حنين;2018-08-30
926;كنت فالقهوة مع أبويا، ويدي بيديه عم نغني أغاني زمان بالأمل.;حنين;2016-03-24
927;شفت صورة بيتنا المهدوم، وبعدين تحولت لحديقة كلها ورود وأطفال عم يلعبوا.;حنين;2016-08-25
928;حلمت إني أمشي بين الناس فرحان، والكل عم يسلم علي ويخبرني عن أخباري.;حنين;2019-02-10
929;كنت بمكتب البريد، وبوصلني جواب من أخي عالدولة البعيدة، كله سلام ومحبة.;حنين;2020-08-07
930;شفت بستان العنب يلي ورثناه من جدي، والعصافير عم ترجع تزقزق من تاني.;حنين;2018-05-18
931;رأيت أولاد الحارة عم يلعبوا فوق السطوح، والسماء صافية والضحك عم يعلى.;حنين;2017-01-07
932;كنت عالرصيف، والبنات والأولاد عم يبيعوا الحلوى ويضحكوا ببساطة.;حنين;2017-05-25
933;شفت أمي تطبخ الشوربة بحنان، والريحة بتشبه دفء أيام زمان.;حنين;2020-01-11
934;رأيت القمر عم ينور شوارعنا القديمة، ونسمة الليل بتغني مع أغاني الطفولة.;حنين;2021-11-14
935;شفت أهلي جمبي عالمدخل، بس لما قربت صحيّت ولقيت الدار فاضية.;حنين;2019-08-09
936;كنت ماشي بالزقاق القديم والحي كان مليان ناس ناطرين، بس صوت السيارات رجعني للواقع.;حنين;2016-05-12
937;حلمت رحت عالمدرسة القديمة، وقلبت صفحتين من كتاب الرياضيات، بس الحبر صار دموع.;حنين;2017-06-15
938;سمعت نهار العيد بأصوات الضحك، بس لما فتحت عيوني كان الصمت أعلى من صوتي.;حنين;2018-11-19
939;حلمت إني عم غمّس خبز بمي سخنة عالصبح، بس لما صحيت كانت المي باردة والخبز خالي.;حنين;2021-01-24
940;كنت بلم ريشة طيوري القديمة عالجدار، بس الطيور راحت من زمان وما رجعت.;حنين;2017-02-08
941;رأيت جدران البيت القديم ناطرت بحضني، بس لما فتحت عيوني كانت الجدران وحدها.;حنين;2016-08-12
942;شفت بيتنا القديم مفتوح على مصراعيه، بس ما في غير صوت الريح جواته.;حنين;2016-09-16
943;كنت أمشي عالبازار القديم والريحة كانت ريحة الليمون والزعتر، بس الصحوة رجعتني للغربة.;حنين;2018-05-15
944;حلمت بقلعة حمص مضوية عالليل، بس النور كان بعيد وما وصلني.;حنين;2017-07-20
945;شفت أمي عم تجهز الكبة عالجمر، بس لما صحيت كان الطقس بارد والفراغ ملاني.;حنين;2016-04-14
946;كنت عالشارع القديم بلا صوت القصف، بس الريح خبّرتني إنو الحلم ما إلو زمان.;حنين;2021-11-29
947;رأيت أصدقاء الطفولة يلعبوا بالزهر، بس لما نظرت صاروا أشباح.;حنين;2021-02-06
948;شفت نبع المي الصافية عم تنبع من تحت الأرض، بس الصحوة خلت المي مَسخة.;حنين;2017-06-08
949;كنت عم اسمع صوت الناي عالباب، بس لما فتحت ما لقيت إلا الظل.;حنين;2018-03-05
950;حلمت إني رحت على سوق الجمعة والكرم عالشارع، بس الناس كانت غايبة والعرس ما صار.;حنين;2016-11-08
951;شفت السماء لونها أزرق صافٍ، بس لما فتحت عيوني كانت السحب سودا.;حنين;2021-02-10
952;كنت أمشي بالحديقة يلي كنا نلعب فيها، بس كل شي حواليني تغير وما فهمت شي.;حنين;2016-04-19
953;رأيت عمتي عم بتعانقني، بس لما صحيت كانت اليد فاضية.;حنين;2016-09-23
954;شميت ريحة الملوخية عم تطبخها أمي بالصيف، بس لما فتحت عيوني ما لقيت غير صمت البيت القديم.;حنين;2020-09-25
955;كنا قاعدين نحكي قصص الطفولة على رصيف الحارة، وفجأة رجعت لحالي لوحدي عالبحر.;حنين;2018-08-18
956;رجعت عالبيت بعد غربة طويلة، لقيت كل شي متغير، بس صوت أختي عم تنادي علىّ بالشارع لسا بقلبّي.;حنين;2018-06-29
957;شفت قطفة الزيتون عم تلمع بالشمس، بس لما فتحت عيوني ما لقيت غير شجرة بلا حدا حواليها.;حنين;2021-11-27
958;كنت عم أمشي بالسوق القديم بطرطوس، وشفت الوجوه اللي كنت أعرفها بس ما حد رحب فيي.;حنين;2019-06-07
959;رحت عالشارع العباسي شفت الأولاد يلعبوا كرمشة، وبعدها صحيت لقيت الشرر بس بالذاكرة.;حنين;2018-09-29
960;حلمت إني جالس عالبلكون بتطل عالبحر وشمس الغروب بتغطي المدينة، بس حسيت بفراغ كبير.;حنين;2019-09-23
961;سمعت صوت أمي وهي بتنادي عالاسم تبعي من بعيد، بس لما رديت ما حدا حاضر.;حنين;2019-04-04
962;شفت قهوة الحارة مليانة وجوه وأحاديث، بس لما فتحت عيوني كان الكرسي فاضي وما حدا حولي.;حنين;2021-10-31
963;كنت عم بتمشى بين بيوتنا القديمة، وكل بيت حامل حكاية بس الحكي صار صمت.;حنين;2021-11-10
964;رحت عالمدرسة القديمة، لقيت طاولتي فاضية، وكل صحابي مشتوا بعيد.;حنين;2021-12-30
965;بالبحر حلمت أطفش ريحة ملح البحر وريحة خبز التنور مع بعض، بس لما صحيت كان التعب أكتر.;حنين;2018-09-18
966;شفت قطة الحارة عم تدور عالبيت، وأنا عارف إنه ما عاد في بيت كمان.;حنين;2017-07-07
967;كنت عم أسمع صوت نافخ القناديل من بعيد، ورجعت لأول مرة بحس الأمان.;حنين;2021-07-20
968;شفت عيوني عم تدمع بحفلة العيد القديمة، لما كنا كلنا مع بعض بنضحك وننسى الهم.;حنين;2017-09-01
969;سرت عالطريقي القديم لشقة جدتي، وكل زاوية بتحكي قصة من أيام أحلى.;حنين;2019-11-10
970;سمعت صوت الناس بيغنوا تحت المطر، كيف كنا منسى وجعنا للحظة.;حنين;2021-06-27
971;شفت شجرة التين المظللة بالفناء القديم، ورجعت ذكريات طفولة ما بتنعاد.;حنين;2017-11-23
972;كنت عم أدور عالطفل اللي كنت عليه، لاقيته عم يلعب عالبحر، بس بعيوني كان غريب.;حنين;2020-02-16
973;شميت ريحة قهوة أمي من الصبح، بس لما فتحت عيوني ما كان حدا جنبي.;حنين;2019-12-16
974;رجعت أمشي عالطريق للمدرسة، بس البيوت اللي كانت قدامي هلق معمرة بالذكريات أكتر من الناس.;حنين;2019-03-17
975;حضنتني أمي وحكيتلي قصص زمان، وبعدين صحيت لقيت حالي لوحدي بالغرفة.;حنين;2018-09-03
976;دخلت ع البيت القديم وسمعت صوت خالي عم ينادي، بس الطابق الفاضي كان ساكن بغيابي.;حنين;2019-11-09
977;شفت الجيران قاعدين على الباب، عم يحكوا عن أيام قبل الحرب، وكنت مشتاق لسوالفهم كتير.;حنين;2016-04-02
978;رأيت الغيمة اللي بتظلل بيتنا العم بحبها، ضاعت بس ظل الحلم فيها بحنيني.;حنين;2017-11-28
979;رجعت على السوق القديم، شفت البائعين وصوت الأطفال يعبي المكان، بس لما فتحت عيوني صار المكان فاضي.;حنين;2019-06-13
980;حلمت برائحة الزيتون والقش اللي كانت تملأ الحقل قدام البيت، بس الأرض صارت بلا زرع.;حنين;2017-04-05
981;جلست ع البلكونة قدام البيت القديم، وشفت الغروب يلي كان معلم لكل يوم، بس الضلمة غطت كل شي.;حنين;2018-08-05
982;سمعت صوت أمي بتنادي اسمي من الشارع، بس النبض عالوردة اللي تركتها على الطاولة كان الوحيد.;حنين;2019-02-22
983;تذكرت صوت الغناء بحفلات العيد والضحك، ولقيت قلبي عم يحن لأيام راحت بلا رجعة.;حنين;2020-11-24
984;أصحى على صوت المطر يلي كان يغسل الشوارع، بس البيت كان فاضي من الأصوات والأحباب.;حنين;2021-05-31
985;شفت صديقي القديم عم يمشي معي ع الطوب الأحمر، بس الطريق صار مليان ركام.;حنين;2021-07-31
986;رحت على المدرسة، ولقيت باب الصف مزروع بالأشواك، وكل كلمة حلوة صارت صعبة توصل.;حنين;2019-11-09
987;كنت أمشي عالطريق يلي كنا نلعب فيها، بس الحجارة صارت ثقيلة والسماء بعيدة.;حنين;2021-03-22
988;شفت حالي عم أطبخ مع أمي، بس المعالق كانت بلا صوت والأكل ساكن.;حنين;2016-05-23
989;رجعت على النبع يلي كنا نغسل فيه، وما لقيته غير أثر مويه بين الصخور.;حنين;2018-05-12
990;حلمت إنو رائحة الخبز بتطلع من الفرن، بس الطابونة كانت فاضية والبيت ساكت.;حنين;2021-07-23
991;رأيت ولادي يلعبوا بالساحة، لكن الدمى كانت بدون وجوه، والضحكات صارت ذاكريات.;حنين;2016-08-03
992;شميت صوت المي بعين البيت، ورجعت الذكريات مع كل قطرة بتنزل بالوديان.;حنين;2020-06-06
993;شفت نفسي عم أمشي بين أشجار الزيتون القديمة، وريحت التراب الطازة معطرة الهوا.;حنين;2020-08-03
994;حلمت إنو لمتنا عالطاولة الكبيرة، وكلنا عم نضحك رغم التعب.;حنين;2020-10-21
995;شفت الربع قاعدين عالنارة، والدلع بتعطي قهوة، والليل هادي بلا هم.;حنين;2021-11-04
996;عطست ريحة خبيز أمي طالع من الفرن، ورجعت أتذكر طعم الأيام الحلوة.;حنين;2021-11-13
997;كان عالشارع حبات المطر عم بتتساقط، وصوت الضحك عم يعيدني للماضي.;حنين;2017-08-19
998;رأيت نفسي عم أمسك إيدي بيدي أختي الصغيرة، ونتمشى عالطرقات القديمة.;حنين;2020-11-09
999;شفت صورة باب البيت، والناس عم يطلوا من الشباك يحيوني بأمل صافي.;حنين;2021-05-15
1000;حلمت طيف جدي جليسنا بالحوش، يحكيلنا قصص زمان وابتسامته ما غابت.;حنين;2020-04-09
1001;حسيت بنسمة هوا دافئة بليل الشتوية، ورجعت لدفا حضن أمي.;حنين;2020-03-21
1002;شافني عم أقطع الحقول، ورايا صوت الحصان يناديني للرجوع.;حنين;2018-01-19
1003;رأيت عيون أهلي مليانة بالدموع، لكن بنظراتها حب ما بينتهي.;حنين;2017-10-12
1004;كنت بوسط السوق القديم، وصفا الحارات تفتح لي طريق للفرح البعيد.;حنين;2019-03-20
1005;شميت ريحة العود والدخان، وكنت عايش بعيد عن الحصار والألم.;حنين;2017-03-28
1006;شفت صوت أزقة درعا، وكل حجر فيها يحكي عن صمودنا وحنينا.;حنين;2016-03-13
1007;كنت عم أطالع البحر من بعيد، والأمواج بتحمل لي أخبار الأهل.;حنين;2018-04-14
1008;شفت وجهي بعين المراية، تعبان بس مليان بالأمل والذكريات.;حنين;2020-02-28
1009;رأيت اللمة الكبيرة عالبيت، والضحك يملأ الصالون رغم الزمن الصعب.;حنين;2016-10-28
1010;حسيت بصوت المطر يضرب على الشبابيك، وقلبي عم يرجع لذكريات الطفولة.;حنين;2016-01-23
1011;شفتني عم إتفرج عالبيت القديم يلي كنا نلم فيه، بس عم يمسكوني عالشارع وما بخلوني أدخله.;حنين;2019-01-14
1012;حلمت إني جالس عالدكة جنب نهر العاصي، والطيور عم تغني والهوى بارد، بس ما في حدا معي.;حنين;2018-12-11
1013;رجعت عالضيعة وشفت الحارات القديمة كلها محروقة، بس ريحة الخبز عم تفوح من المخبز.;حنين;2016-06-30
1014;كنت أمشي بشوارع حمص القديمة والناس قالتلي تعالى، بس لما دقيت عالبيت ما حدا فتح.;حنين;2021-02-15
1015;حلمت إني عم إطلع فوق جبل قاسيون، والمدينة تحت عيوني، والدمع بينزل بدون صوت.;حنين;2019-02-11
1016;سمعت صوت أمي بتناديلي من بعيد، بس الطريق كان ضباب وما قدرت أسمعها منيح.;حنين;2018-07-28
1017;كنت أمشي مع رفاق الطفولة بالحارة، والضحكات عمرها ما كانت بتغيب، بس فجأة صاروا كلهم أشباح.;حنين;2016-01-01
1018;رجعت للمدرسة، وقفت عالباب، بس الصف فاضي، والكرسي تبعتي محطوط على الأرض.;حنين;2021-01-04
1019;شفت حالي عم أحكي مع بابا، بس هو ما بيرد، وكأنه راح من زمان.;حنين;2019-01-22
1020;وقفت عباب الحارة القديمة، وشفت الطفلة اللي كنتها بتلعب بالتراب، بس ما قدرت ألمسها.;حنين;2016-06-27
1021;كنت عم إفتح صندوق لعبتي القديمة، والدمع ما صار يوقف، كل شي صار يبعد عني.;حنين;2019-10-02
1022;شميت ريحة الزعتر والنعنع يلي كانت بتخلي أمي تحضر أكلنا، بس البيت كان فاضي وساكت.;حنين;2017-12-06
1023;حلمت إني عم أمشي بطريق الزهراء، والبيوت يلي ما خلصت من ترميمها، بسيطر الصمت هناك.;حنين;2017-06-22
1024;رجعت عالسوق القديم، شفنا أصحابنا البعيدين، بس لما حاولت أحكي معهم اختفوا.;حنين;2019-05-16
1025;كنت عم أمشي عالطرقات الضيقة، والناس كلهم حاملين حقائب وعم يودعوني بصمت.;حنين;2017-06-25
1026;شفت قريتنا من بعيد، والحقول كلها خضراء، بس ما في حدا يزرع فيها.;حنين;2017-07-27
1027;كنت عم أغني بأغنية زمان، بس صوتي كان ضعيف والناس ما عم تسمعني.;حنين;2018-03-28
1028;شفتني عم إجلس مع أختي الصغيرة على كرسي الهزاز، وبنضحك، بس فجأة الكرسي صار لوح خشب قديم.;حنين;2018-04-18
1029;رجعت للبيت القديمة، والباب كان مفتوح، وحسيت بريح دفى بتطبطب على وجهي.;حنين;2017-02-14
1030;شفت حالي جالس ع الطاولة مع صحابي بالمدرسة القديمة، وبنضحك وكأن الوقت ما مرّ.;حنين;2017-02-21
1031;كنت عم أمشي على شوارع المدينة، وكل باب بذكرني بحكاية من أيام زمان.;حنين;2021-02-05
1032;حلمت إني عم أزور بيتنا القديم، ولقيت الباب مفتوح والريحة مألوفة.;حنين;2019-09-20
1033;شفت أمي عم تعجن العجين والريحة طالعة من المطبخ، بس حالي كان وحيد بالبيت.;حنين;2018-08-30
1034;كنت عم أتمشى ع الدرب ليلًا، والضوء الخافت لمّا يلمس وجهي بيخليني أتذكر أيام الطفولة.;حنين;2016-09-05
1035;رأيت قهوة الحي القديمة، والناس قاعدين يحكوا قصص من زمان، رغم إنه المكان صار مهجور.;حنين;2020-12-05
1036;حلمت بأول يوم رجعت عرويتي القديمة، وكل حجر فيها بيحكي لي حكاية.;حنين;2017-09-17
1037;شفت الأمطار تنزل على الأرض الموحشة، ولقيت نفسي عم أجمع ورد من تحت المطر.;حنين;2020-12-19
1038;كنت عم أفتش ع صورة قديمة بين ركام البيت، لقيتها وشعرت بقلبي عم ينبض دفى.;حنين;2021-05-20
1039;رأيت عيوني عم تدمع لما شفت صورة أخي الصغير يلعب بالشارع، رغم انه صار بعيد.;حنين;2021-09-11
1040;حلمت أني عالدكّة مع جيراني، وكلنا عم نغني ونضحك مع بعض.;حنين;2021-03-18
1041;شفت صوت أمي وهي تنادي اسمي، ورغم الصمت حواليا، كانت كلماتها واضحة.;حنين;2016-06-10
1042;كنت عم أزور مقهى الحي القديم، والناس عم يحتسون شاي القرفة، والجو دافي بلون البرتقال.;حنين;2018-01-28
1043;رأيت نبع المي جنب بيتنا القديم عم يجري، وحسيت بانتعاش ما صار يحس فيه قلبي من زمان.;حنين;2020-08-29
1044;حلمت بأختي الصغيرة تعيد تقريبا لما كنا نلعب سوا بالزقاق الضيق، والضحك مالي الدنيا.;حنين;2017-03-05
1045;شفت شجرة التين القديمة، والثمار ملانة حلاوة وذكريات بعيوننا.;حنين;2020-11-07
1046;كنت عم حامل بيدي صندوق صغير مليان صور ورسائل من الماضي.;حنين;2017-05-31
1047;رأيت صوت المطر يقرص على السقف، وأنا جالس جنب النافذة بحضن رفيقي القديم.;حنين;2017-02-10
1048;شفت عيوني على بيوتنا القديمة، وكل جدار بيحكي قصة حنين عذبة.;حنين;2021-05-09
1049;شفت الشارع مليان شباب عم يزرعوا شجر بلاط جديد، والكل عم يساعد بعض;أمل;2020-04-04
1050;كنت ماشي عالجامع القديم ولقيت الناس ضاحكين وعم يسلموا ع بعض;أمل;2020-06-14
1051;حلمت إنو المحل يلي كنت بأساعد فيه صار مركز تعلّم للأطفال;أمل;2023-02-15
1052;شفت حالي عم بشتغل بحديقة عامة، والورد عم يفتح حواليي;أمل;2025-01-09
1053;كان في ساحة البلدية مهرجان للأغاني والرقص، والجو كله فرح;أمل;2021-05-01
1054;رأيت شارعنا نظيف وكل الجيران عم يتجمعوا يشربوا شاي بعد الظهر;أمل;2021-04-07
1055;حلمت إني قريت كتاب تعليمة ببناية مدرستي يلي ترمموا من جديد;أمل;2025-09-14
1056;كانت حفلة بسيطة بالعزيمة، كل الأهل والأصحاب موجودين وضحكنا;أمل;2023-07-21
1057;شفت حفيدي عم يلعب كرة بالشارع، والسما صافية بلا دخان;أمل;2025-06-18
1058;كنت أمشي مع أمي بإحدى الحدائق وزهر الليمون معطر الجو;أمل;2019-04-20
1059;رأيت السوق مليان خضار طازجة وأسعار معقولة، والناس عم تتبادل التحايا;أمل;2024-11-25
1060;شفت ولدي الأكبر عم يدرس الطب والابتسامة ما بتفارق وجهه;أمل;2022-10-10
1061;كنت عم اطّلع على قمة جبل شامي، والمدينة كلها باينة من فوق;أمل;2019-07-18
1062;رأيت أطفال الصف يلعبوا بقلم وأوراق، والمدرسة رجعت تعج بالحياة;أمل;2025-09-24
1063;شفت سيارة إسعاف جديدة عم توصل أولاد المرضى للمشفى بسرعة;أمل;2019-08-13
1064;كنت عم بشتغل برقّي زهور الحديقة العامة وكل الناس عم تمرق تسلم علي;أمل;2020-08-04
1065;رأيت نساء الحي عم يتعلمن الخياطة مع بعض وعم يخططن لافتتاح محل;أمل;2022-06-18
1066;شفت قهوة الحي تعج بأصحاب الطاولة والشباب عم يحكوا عن مستقبل أفضل;أمل;2021-05-06
1067;كنت عم أمشي بالليل والشوارع مضوية، والناس عم تتسامر برا بعيون مليانة أمل;أمل;2019-10-06
1068;شفت الشارع مليان شباب عم يزرعوا ورود وينظفوا الجدران المكسورة.;أمل;2025-01-16
1069;كنت أمشي بحي مهجور ولاقيت محل صغير عم يبيع حليب وأجبان بلدي.;أمل;2023-04-14
1070;رأيت أولادي عم يدرسوا بمدرسة جديدة فيها كتب وحواسيب.;أمل;2021-01-16
1071;كنت عم بحكي مع جارتي القديمة، وقعدنا نحكي عن الأيام الحلوة والجديدة.;أمل;2025-09-02
1072;شفت الحارة أنضفت وصار فيها ألعاب للأطفال وأشجار خضراء.;أمل;2019-08-30
1073;رأيت السوق القديم رجع يشتغل، والناس بتضحك وبتشتري.;أمل;2019-12-26
1074;كنت عم أمشي عالشارع والناس عم تعزف أغاني فرح بالحارة.;أمل;2024-03-25
1075;شفت الناس عم تحتفل بالعيد مع بعض، وما في خوف ولا غربة.;أمل;2023-07-29
1076;حلمت بأمّة عم تزرع الأرض مع ولادها، والزرع عم يكبر بسرعة.;أمل;2022-12-01
1077;كنت عم أزور بيتي القديم، ولقيته نضيف ومرتب والدنيا هادية.;أمل;2025-12-26
1078;شفت أولادي عم يلعبوا بحرية بالشارع، ما في صوت رصاص ولا خوف.;أمل;2019-02-03
1079;رأيت حدائق جديدة عم تفتح بكل المناطق، والناس جالسين مستريحين.;أمل;2025-07-05
1080;كنت عم أسمع صوت زغاريد بالحي، والناس عم يفرحوا بتخرج الأولاد.;أمل;2024-05-21
1081;شفت الناس عم يتعاونوا يعيدوا بناء بيوتهم مع بعض.;أمل;2025-09-20
1082;كنت بمكتبة جديدة، عم أقرأ كتب عن مستقبل أفضل وأحلام كبيرة.;أمل;2021-02-02
1083;رأيت الأطفال عم يزرعوا أشجار زيتون، وبيحكوا عن السلام.;أمل;2025-10-08
1084;شفت سيارة إسعاف عم توصل بسرعة لمساعدة مريض، والكل عم يشارك بالفرح.;أمل;2023-10-02
1085;كنت عم أمشي بالليل والناس عم ترجع من الشغل مبتسمين ومرتاحين.;أمل;2024-12-18
1086;رأيت ليمونة عم تكبر ع الشجرة، والجو صافي والشمس بتشرق جديدة.;أمل;2022-01-06
1087;شفت الشمس عم تشرق فوق حيطان مدرستي القديمة وولداتي عم يضحكوا بالصف.;أمل;2022-06-19
1088;كانت الشوارع نظيفة والناس بتساعد بعض، وعيون الكل مليانة طاقة وحياة.;أمل;2020-10-27
1089;حلمت إني قاعد عالقهوة مع رفقاتي، وكلنا بنتناول شاي وعم نحكي عن مشاريعنا الجاي.;أمل;2025-01-10
1090;شفت حالي عم أزرع وردة قدام بيتنا ورحت نام والدمع عيوني، وصحيت على بسمة أمي.;أمل;2022-09-26
1091;حضنت أختي بعد سنة غياب، وضحكنا مع بعض وكأن الوقت ما مر.;أمل;2024-12-14
1092;كنت بالسوق القديم، وكل الباعة بعطوني فواكه طازجة وعسى الخير يعم على الكل.;أمل;2019-04-06
1093;شفت ولدي عم يلعب مع أصحابو بالطرقات بدون خوف، والناس بتشتري خبز بضحكة عريضة.;أمل;2021-07-25
1094;ضحكت مع جارتي العجوزة، وسألتها عن وصفة الكعك يلي بتسوّيها بكل عيد.;أمل;2024-09-23
1095;شفت المدرسة مليانة أطفال، والمدرسة عم تعلّمهم كيف يكونوا أمل المستقبل.;أمل;2023-06-24
1096;رأيتني عم أكتب رسالة لحدا بعيد، وحروفها مليانة كلمات حب وتفاؤل.;أمل;2021-04-04
1097;كنت عم شوف حفلة صغيرة بأعياد المدينة القديمة، والناس بتغني وترقص مع بعض.;أمل;2024-01-03
1098;شفتني عم أزرع شجرة زيتون، الكل اجتمع حوالينها وكأنها بداية جديدة.;أمل;2019-11-05
1099;وجدت نفسي عم أمشي بنهر فيه سمك كبير وكل الناس عم تغني.;أمل;2019-07-24
1100;كنت عم أمشي بالشوارع الجديدة يلي انبنت بعد الدمار، والناس عم تبني بيوتهن بيدهم.;أمل;2021-12-14
1101;شفت طلاب عم يوزعوا كتب مجانية للأطفال اللي ما عندهم فرصة يتعلموا.;أمل;2020-03-28
1102;حلمت إني عم أفتح مطعم صغير للخبيز، وكل الناس بتجي تاكل وتضحك.;أمل;2024-03-02
1103;"رأيت أمي عم تغسل الصحون وضحكت معايا وقالتلي ""الحياة دايماً فيها خير.""";أمل;2019-10-11
1104;شفت جدي عم يحكيلي قصص من زمان، وأنا عم أدوّنها لأشاركها مع ولادي.;أمل;2025-10-17
1105;كنت عم أساعد جارتي تاخد دواءها، والناس كلها عم تبادل المساعدة والحب.;أمل;2024-03-03
1106;شفتني وبنيتي عم نزور البحر سوا، والجو دافي والناس عم تضحك حوالينا;أمل;2021-09-15
1107;حلمت إني بشتغل بكتابة قصص عن حياتنا، وكل حرف بيجمعنا أكتر وأكتر;أمل;2020-03-05
1108;شفت الحارة تزهر ورد بعد شتا طويل، والعيون بتلمع من الفرحة;أمل;2021-07-23
1109;سمعت صوت ولادي عم يغنوا بالبيت، وكل الجيران عم يشاركونهم الفرح;أمل;2020-09-13
1110;عم بتنقل عالصبح السوق والناس عم تتسامر وتشتري خبز طازة بضحكة;أمل;2019-09-06
1111;رأيتني عم أزرع شجرة زيتون بحديقة بيتنا، وورقها عم يلمع تحت الشمس;أمل;2020-12-30
1112;شفتني أتعلم مهارة جديدة مع شباب الحي، واحنا عم نضحك ونتعاون;أمل;2020-10-17
1113;حلمت إنو المدارس رجعت تفتح أبوابها، والأولاد طالعين بلا خوف;أمل;2024-02-12
1114;عم أمشي على الكورنيش وأشم هوا البحر، وحالي أحسن من كل يوم;أمل;2022-06-26
1115;شفتنا عم نعيد نرتب بيوتنا بعد الغيم، والناس عم تساعد بعض بلا كلل;أمل;2024-08-13
1116;رأيتنا نحتفل بعيد الفطر مع جيراننا، والكعك عم يملأ الطاولات;أمل;2024-09-05
1117;حلمت إني عم أشتغل بمشروع صغير، وأحس بالفخر لما حدا يشكرني;أمل;2020-10-25
1118;شفتني عم أزرع ورد بحديقة الحي، والألوان عم ترجع الجمال للأيام;أمل;2022-01-22
1119;عم أسمع صوت أغاني زمان تعود، والكل عم يشارك بغناء الفرح;أمل;2021-12-08
1120;حلمت إنو الأمان رجع لشوارعنا، وعيون الناس عم تلمع بالطمأنينة;أمل;2025-03-11
1121;شفتني أساعد جار مريض، والابتسامة ما تفارق وجهي;أمل;2023-08-17
1122;رأيت ولادي بالمدرسة، عم يتعلموا بسلام، والكتب مفتوحة قدامهم;أمل;2024-12-01
1123;حلمت إنو الأهل راجعين على البيت بعد غياب طويل، والدموع فرح;أمل;2022-02-14
1124;عم بحس القلب مليان أمل لما شفت الأطفال يلعبوا برا بلا خوف أو حزن;أمل;2019-11-06
1125;ولدي رجع من السفر وقعدنا نحكي سوا تحت شجرة التين القديمة بالدوار.;أمل;2020-03-14
1126;شفت الدخان صار دخان وردي، والشارع رجع نضيف والناس عم تضحك مع بعض.;أمل;2019-11-10
1127;صاحي من النوم ولاقيت الأرض مزروعة زهر وبسمة الناس مال الشوارع.;أمل;2020-10-31
1128;حلمت إني طلعت على سطح البيت وشفت الشمس عم تشرق بلا غيم ولا هم.;أمل;2025-10-17
1129;"رجعت مدرستي القديمة وطلعت على السبورة كتبت ""رايح أتعلم وأرجع"".";أمل;2019-12-15
1130;رحت السوق بلا ما أشوف وجوه حزينة، كل الناس عم يبيعوا ويشتروا بفرح.;أمل;2023-10-01
1131;جاري جاب لي خبز سخن وقعدنا نحكي قديش الدنيا صارت أطيب.;أمل;2025-08-07
1132;رجعت عالبيت بالليل وفتحت الباب، لقيت الأسرة كلها قاعدة تتسامر وتضحك.;أمل;2025-07-21
1133;شفت أولادي عم يلعبوا بالشارع بلا خوف ولا صوت طيارات.;أمل;2025-08-13
1134;حلمت إني زرعت شجرة رمان بتطلع أكل كفاية لكل العيلة.;أمل;2024-06-22
1135;راحت الدخان وبهرت الشمس عالمدينة القديمة، وصار الكل يحيي بعض.;أمل;2025-05-11
1136;نادتني أمي من بعيد وقالت لي تعال ناكل مع بعض رز باللحم قد ما بدك.;أمل;2025-04-29
1137;طلعت على الجبل وشفت الأمل عم يزرع طريق جديد للغد.;أمل;2022-12-22
1138;شفت الناس عم تصلح بيوتهم وكأن الحرب ما كانت.;أمل;2022-03-16
1139;رجعت أزور المدرسة وغنيت مع المدرس أغاني قديمة عن الوطن.;أمل;2025-07-04
1140;شفت الكنافة بالسوق عم تتباع والناس عم تحتفل بعيد الفرح.;أمل;2025-03-17
1141;صاحي الصبح ولقيت باب البيت مفتوح والريح عم تهب ريحة الورد.;أمل;2025-03-21
1142;حلمت بقطيع غنم عم يرجع للمرعى بعد المطر والكل فرحان.;أمل;2024-05-20
1143;رجعت لبلدتي ونظرت للشارع كأنه جديد، مليان ناس وأطفال يضحكوا.;أمل;2021-04-15
1144;شفت الحي نظيف والناس عم تزرع ورد بالأزقة، والضحكة ما فارقة وجوههم.;أمل;2019-08-02
1145;كنت جالس مع أهلي تحت شجرة التين، والجو هادي وأمان مالي الدار.;أمل;2019-06-12
1146;شفت أولادي بيركضوا بالشارع بلا خوف، والناس تساعد بعض على تنظيف المحل.;أمل;2022-07-29
1147;حلمت بنتي عم تكتب اسمها على باب المدرسة الجديدة بالحي.;أمل;2024-08-25
1148;الشارع كان مليان أطفال عم يلعبوا والكل مرحب فيهم بلا تفرق.;أمل;2019-10-30
1149;شفت جدي عم يحكي قصص قديمة والكل مبسوط وصحتو منيحة.;أمل;2021-02-19
1150;حلمت إني عم أحكي مع جاري عن موسم الزيتون وكيف السنة رح تكون خير.;أمل;2020-09-24
1151;كنت بمزرعة صغيرة، والأرض خضراء والمحصول عم يكبر بقلب الربيع.;أمل;2020-07-01
1152;شفت الناس عم توصل الكهرباء لأول مرة للقرية بعد طول انتظار.;أمل;2024-04-14
1153;حلمت ببيتنا القديم مصلح، والنوافذ مفتوحة والنسيم يدخل الدار.;أمل;2019-05-15
1154;شفت ولاد الحارة عم يزرعوا شجر جديد وجمعوا الكل عشان عيد زرع.;أمل;2020-04-17
1155;كنت عم أساعد بنتي تلبس ثوبها الجديد للعيد، وابتسامتها ما فارقة وجهها.;أمل;2025-12-10
1156;حلمت أنو الطرقات طيبة والسيارات تمشي بدون خوف ولا زعر.;أمل;2020-01-17
1157;شفت الحارة كلها تنور بالأنوار وكأن الضحى رجعت للبلد.;أمل;2024-05-13
1158;كنت عم أشوف الناس عم تتعلم لغة جديدة وحياة جديدة عم تنبني.;أمل;2025-09-10
1159;حلمت بمخبز جديد بالقرية ورائحة الخبز تعم الشوارع.;أمل;2025-11-25
1160;شفت المدرسة مليانة أطفال والمعلمين مبسوطين والحصص كلها أمل.;أمل;2023-03-08
1161;كنت أمشي بالليل والنجوم عم تنور دربي، والهدوء مالي الدنيا.;أمل;2021-05-16
1162;حلمت إنو الحرب خلصت وصار في عرس جماعي بالبلد، والكل فرحان.;أمل;2023-06-04
1163;شفت الشارع نضيف والناس عم تمشي بسلام، والضحكة ع وجوه الولاد ما بتختفي.;أمل;2020-10-24
1164;حلمت إني عم زرع بذرة صغيرة بحديقة بيتنا، وبعد شوية صارت شجرة كبيرة.;أمل;2025-04-11
1165;شفت راسي قاعد قدام الدوام مع أصحابي، والمدرسة مفتوحة، والدروس عم تفيدنا.;أمل;2023-09-09
1166;حلمت إنو الكهربا ما بتقطع بأي وقت، والأجهزة الإلكترونية بتشتغل ع طول.;أمل;2023-04-15
1167;كنت بلعب مع ولادي بالطرقات، والكل عم يساعد بعضو يزرع ورد بالحي.;أمل;2025-03-17
1168;شفت السوق مليان خضرة وفواكه، والأسعار رخيصة والجميع قادر يشتري.;أمل;2019-09-05
1169;حلمت إني قاعد ع الطاولة مع أهلي، والعيون كلها مليانة فرح.;أمل;2021-10-24
1170;شفت الولاد بالمدرسة عم يتعلموا بكتب جديدة، والمعلمة بتشرح بابتسامة.;أمل;2019-03-05
1171;كنت طالع ع سطح البيت وبشوف شمس مشرقة، العصافير عم تغرد حوالي.;أمل;2019-09-15
1172;حلمت إني بطمّن جاري إنه الجاي أحسن، وإنو راح نعيد نبني الحي من جديد.;أمل;2022-12-06
1173;شفت الحكي بين الجيران طيب، والناس عم يتطوعوا ينظفوا الحي سوا.;أمل;2020-10-09
1174;كنت عم روح ع المستشفى والمرضى عم يتحسنوا بسرعة، والدكاترة مبتسمين.;أمل;2022-07-18
1175;حلمت إني بمشي ع سوق الحميدية، الكل مبسوط والباعة عم ينادوا بأمل وحيوية.;أمل;2021-04-15
1176;شفت نهر عبي بالمية من جديد، والأطفال عم يضحكوا ويلعبوا ع شطونه.;أمل;2023-02-09
1177;كنت قاعد مع أصدقائي عم نحكي عن خططنا للمستقبل، والقلوب كلها مليانة تفاؤل.;أمل;2021-01-19
1178;حلمت إنو الكهربا رجعت طول الوقت، والناس عم يشغلوا التكييف ويطبخوا براحا.;أمل;2019-12-24
1179;شفت قميص ولدي الجديد، والدوام بلش أول يوم بدون خوف أو تردد.;أمل;2019-02-14
1180;كنت عم أخطط مع عيلتي للسفر على سوريا بدون خوف، نتمشى بالحدائق ونرجع بسلام.;أمل;2020-02-22
1181;حلمت إنو الطريق للمدرسة مافي فيها حواجز، والسيارات تمشي وما في حوادث.;أمل;2024-04-28
1182;شفت أشجار الزيتون عم تثمر من جديد قدام بيتنا القديم، والشمس عم تشرق بلطف على وجوه الصغار.;أمل;2021-10-26
1183;كنت بمخبز الحي بشتري خبز سخن والناس عم تضحك حواليني، وريحة الخبز ملانة الجو.;أمل;2023-07-07
1184;شفت أمي عم تحكي مع جارتنا والقهوة عالطاولة، والهموم عم تروح مع ضحكتهم.;أمل;2021-11-30
1185;كنت عم أزرع وردة جنب النافذة، وشفتها بتفتح مع أول ضوء الصبح.;أمل;2019-01-23
1186;حلمت إني بالجامعة عم أدرس بتركيز، والأساتذة عم يشجعوني على النجاح.;أمل;2020-02-28
1187;شفت ولادي عم يلعبوا بأمان بحديقة مليانة أطفال، والسماء صافية بلا سحب.;أمل;2021-05-29
1188;كنت أمشي بساحة المدينة الجديدة، والناس عم تتبادل التحيات بابتسامات صادقة.;أمل;2025-03-02
1189;حلمت إنو الكهرباء ما بتقطع ولا مرة، وكل الأجهزة عم تشتغل عالطول.;أمل;2022-11-19
1190;شفت السوق الشعبي مليان فواكه وخضروات طازجة، والباعة عم ينادوا باسماء الزبائن.;أمل;2025-07-10
1191;كنت جالس مع أهلي على التراس، والهوى عليل والنجوم عم تبرق فوقنا.;أمل;2024-03-10
1192;حلمت إني رجعت لشغلي القديم، والزبائن عم يمدحوا خدمتي.;أمل;2025-03-23
1193;شفت المدارس عم تفتح أبوابها، والطلاب مبسوطين وحماسهم عالي.;أمل;2025-11-23
1194;كنت عم شارك بحفل زفاف صديقي، والفرح مالي القاعة بالرقص والغناء.;أمل;2024-08-30
1195;حلمت إنو الحي عم يتزين بالألوان والزينة، والناس عم تتعانق بعد طول غياب.;أمل;2021-03-03
1196;شفت عرس صغير عالشارع، والكل عم يشارك بفرحة صافية وبسيطة.;أمل;2019-08-18
1197;كنت عم أمشي عالشارع الرئيسي، والطرقات نظيفة والسيارات ماشية بهدوء.;أمل;2023-02-05
1198;حلمت إنو في ضيعة عايشة بالسلام، والطيور تغني من الصبح للمغرب.;أمل;2020-11-19
1199;شفت الأطفال عم يتعلموا بالرسم، وكل لوحة بتحكي قصة جديدة.;أمل;2021-07-15
1200;كنت جالس مع أصدقائي نخطط لمستقبل أحسن، والابتسامة ما بتغيب عن وجوهنا.;أمل;2024-10-01
